source_path,proposed_path,category,action,audit_note
".github/workflows/app-edit-permission.yml","records/workflows/app-edit-permission.yml","2","move","停止判定必須。現行参照・トリガー確認後に移動"
".github/workflows/commute-access-audit.yml","records/workflows/commute-access-audit.yml","2","move","停止判定必須。現行参照・トリガー確認後に移動"
".github/workflows/commute-dataverse.yml","records/workflows/commute-dataverse.yml","2","move","停止判定必須。現行参照・トリガー確認後に移動"
".github/workflows/commute-read-grant.yml","records/workflows/commute-read-grant.yml","2","move","停止判定必須。現行参照・トリガー確認後に移動"
".github/workflows/commute-readback.yml","records/workflows/commute-readback.yml","2","move","停止判定必須。現行参照・トリガー確認後に移動"
".github/workflows/current-app-postpublish-docs.yml",".github/workflows/current-app-postpublish-docs.yml","1","retain","現行App ID用。配置維持"
".github/workflows/current-app-test-gate.yml",".github/workflows/current-app-test-gate.yml","1","retain","現行App ID用。配置維持"
".github/workflows/nonpdf-regression-v124.yml","records/workflows/nonpdf-regression-v124.yml","2","move","停止判定必須。現行参照・トリガー確認後に移動"
".github/workflows/payroll-app-acceptance.yml","records/workflows/payroll-app-acceptance.yml","2","move","停止判定必須。現行参照・トリガー確認後に移動"
".github/workflows/payroll-app-readback.yml","records/workflows/payroll-app-readback.yml","2","move","停止判定必須。現行参照・トリガー確認後に移動"
".github/workflows/payrollledger-dataverse.yml","records/workflows/payrollledger-dataverse.yml","2","move","停止判定必須。現行参照・トリガー確認後に移動"
".github/workflows/phase1-5-oidc-smoke.yml","records/workflows/phase1-5-oidc-smoke.yml","2","move","停止判定必須。現行参照・トリガー確認後に移動"
".github/workflows/phase1-5-roundtrip.yml","records/workflows/phase1-5-roundtrip.yml","2","move","停止判定必須。現行参照・トリガー確認後に移動"
".github/workflows/phase1-5-share-diagnostics.yml","records/workflows/phase1-5-share-diagnostics.yml","2","move","停止判定必須。現行参照・トリガー確認後に移動"
".github/workflows/phase1-5-target-metadata.yml","records/workflows/phase1-5-target-metadata.yml","2","move","停止判定必須。現行参照・トリガー確認後に移動"
".github/workflows/phase1-5-target-p0.yml","records/workflows/phase1-5-target-p0.yml","2","move","停止判定必須。現行参照・トリガー確認後に移動"
".github/workflows/phase1-5-unpack-baseline.yml","records/workflows/phase1-5-unpack-baseline.yml","2","move","停止判定必須。現行参照・トリガー確認後に移動"
".github/workflows/phase2-source-reconstruction.yml","records/workflows/phase2-source-reconstruction.yml","2","move","停止判定必須。現行参照・トリガー確認後に移動"
".github/workflows/powerapps-e2e.yml","records/workflows/powerapps-e2e.yml","2","move","停止判定必須。現行参照・トリガー確認後に移動"
".github/workflows/remaining-regression-v123.yml","records/workflows/remaining-regression-v123.yml","2","move","停止判定必須。現行参照・トリガー確認後に移動"
".github/workflows/screens-regression-v122.yml","records/workflows/screens-regression-v122.yml","2","move","停止判定必須。現行参照・トリガー確認後に移動"
".github/workflows/staff-dataverse-acceptance.yml","records/workflows/staff-dataverse-acceptance.yml","2","move","停止判定必須。現行参照・トリガー確認後に移動"
".github/workflows/staff-dataverse.yml","records/workflows/staff-dataverse.yml","2","move","停止判定必須。現行参照・トリガー確認後に移動"
".github/workflows/staff-hybrid-acceptance.yml","records/workflows/staff-hybrid-acceptance.yml","2","move","停止判定必須。現行参照・トリガー確認後に移動"
".github/workflows/staff-identity-audit.yml","records/workflows/staff-identity-audit.yml","2","move","停止判定必須。現行参照・トリガー確認後に移動"
".github/workflows/staff-ledger-acceptance.yml","records/workflows/staff-ledger-acceptance.yml","2","move","停止判定必須。現行参照・トリガー確認後に移動"
".github/workflows/staff-master-auth-diagnostics.yml","records/workflows/staff-master-auth-diagnostics.yml","2","move","停止判定必須。現行参照・トリガー確認後に移動"
".github/workflows/staff-master-e2e.yml",".github/workflows/staff-master-e2e.yml","3","retain","別アプリ定期試験。稼働中は例外として配置維持"
".github/workflows/staff-master-finalize.yml","records/workflows/staff-master-finalize.yml","2","move","停止判定必須。現行参照・トリガー確認後に移動"
".github/workflows/staff-master-tag-documentation-repair.yml","records/workflows/staff-master-tag-documentation-repair.yml","2","move","停止判定必須。現行参照・トリガー確認後に移動"
".github/workflows/staff-master-transaction.yml","records/workflows/staff-master-transaction.yml","2","move","停止判定必須。現行参照・トリガー確認後に移動"
".github/workflows/step7-legacy-compiler-diagnostic.yml","records/workflows/step7-legacy-compiler-diagnostic.yml","2","move","停止判定必須。現行参照・トリガー確認後に移動"
".github/workflows/studio-edit-dataverse.yml","records/workflows/studio-edit-dataverse.yml","2","move","停止判定必須。現行参照・トリガー確認後に移動"
".gitignore",".gitignore","1","retain","現行の入口・設定"
"AGENTS.md","AGENTS.md","1","retain","現行の入口・設定"
"README.md","records/README-before-migration.md","2","move","旧入口全文の履歴保存。現行READMEを同名で新設"
"assets/commute-ledger/ledger-page1-template.png","assets/commute-ledger/ledger-page1-template.png","1","retain","現行帳票素材として確認"
"assets/commute-ledger/ledger-page2-template.png","assets/commute-ledger/ledger-page2-template.png","1","retain","現行帳票素材として確認"
"automation/app-edit-permission.json","records/automation/app-edit-permission.json","2","move","旧実行設定・証跡候補。現行依存確認"
"automation/change.json","records/automation/change.json","2","move","旧実行設定・証跡候補。現行依存確認"
"automation/commute-read-permission-proposal.json","records/automation/commute-read-permission-proposal.json","2","move","旧実行設定・証跡候補。現行依存確認"
"automation/commute-run.json","records/automation/commute-run.json","2","move","旧実行設定・証跡候補。現行依存確認"
"automation/dataverse-run.json","records/automation/dataverse-run.json","2","move","旧実行設定・証跡候補。現行依存確認"
"automation/evidence/step8-acceptance.json","records/automation/evidence/step8-acceptance.json","2","move","旧実行設定・証跡候補。現行依存確認"
"automation/evidence/v1.12-release.json","records/automation/evidence/v1.12-release.json","2","move","旧実行設定・証跡候補。現行依存確認"
"automation/hybrid-change.json","records/automation/hybrid-change.json","2","move","旧実行設定・証跡候補。現行依存確認"
"automation/payrollledger-run.json","records/automation/payrollledger-run.json","2","move","旧実行設定・証跡候補。現行依存確認"
"automation/release.json","records/automation/release.json","2","move","旧実行設定・証跡候補。現行依存確認"
"automation/run.json","records/automation/run.json","2","move","旧実行設定・証跡候補。現行依存確認"
"automation/studio-edit-run.json","records/automation/studio-edit-run.json","2","move","旧実行設定・証跡候補。現行依存確認"
"config/apps/staff-master.json","records/config/apps/staff-master.json","2","move","旧App ID設定。移動前に参照確認"
"config/dataverse/commute-columns.json","config/dataverse/commute-columns.json","1","retain","現行データ定義として照合"
"config/dataverse/payrollledger-columns.json","config/dataverse/payrollledger-columns.json","1","retain","現行データ定義として照合"
"docs/README.md","records/docs/README-before-migration.md","2","move","旧索引全文の履歴保存。現行索引を同名で新設"
"docs/changes/requests/README.md","docs/changes/requests/README.md","1","retain","現行正本。旧版節の切出し要確認"
"docs/design/basic-design.md","docs/design/basic-design.md","1","retain","現行正本。旧版節の切出し要確認"
"docs/design/commute-app-migration-plan.md","records/docs/design/commute-app-migration-plan.md","2","move","過去記録候補。現行参照と旧版節を確認"
"docs/design/dataverse-commute.md","docs/design/dataverse-commute.md","1","retain","現行正本。旧版節の切出し要確認"
"docs/design/dataverse-connection-review.md","records/docs/design/dataverse-connection-review.md","2","move","過去記録候補。現行参照と旧版節を確認"
"docs/design/dataverse-history-readiness.md","records/docs/design/dataverse-history-readiness.md","2","move","過去記録候補。現行参照と旧版節を確認"
"docs/design/dataverse-payrollledger.md","docs/design/dataverse-payrollledger.md","1","retain","現行正本。旧版節の切出し要確認"
"docs/design/dataverse-staff-basic.md","docs/design/dataverse-staff-basic.md","1","retain","現行正本。旧版節の切出し要確認"
"docs/design/dataverse-v1.15-migration.md","records/docs/design/dataverse-v1.15-migration.md","2","move","過去記録候補。現行参照と旧版節を確認"
"docs/design/design-system.md","docs/design/design-system.md","1","retain","現行正本。旧版節の切出し要確認"
"docs/design/detailed-design.md","docs/design/detailed-design.md","1","retain","現行正本。旧版節の切出し要確認"
"docs/design/field-inventory.json","docs/design/field-inventory.json","1","retain","現行正本。旧版節の切出し要確認"
"docs/design/fixture-inventory.json","records/docs/design/fixture-inventory.json","2","move","過去記録候補。現行参照と旧版節を確認"
"docs/design/hybrid-test-data.md","records/docs/design/hybrid-test-data.md","2","move","過去記録候補。現行参照と旧版節を確認"
"docs/design/images/scr-005-payroll-detail-v1.png","records/docs/design/images/scr-005-payroll-detail-v1.png","2","move","過去記録候補。現行参照と旧版節を確認"
"docs/design/ledger-v1.17.md","records/docs/design/ledger-v1.17.md","2","move","過去記録候補。現行参照と旧版節を確認"
"docs/handoff/CHANGELOG.md","records/docs/handoff/CHANGELOG.md","2","move","過去記録候補。現行参照と旧版節を確認"
"docs/handoff/STATUS.md","records/docs/handoff/STATUS-history.md","2","move","履歴専用として移動。現行参照は更新"
"docs/handoff/install-v1.08.md","records/docs/handoff/install-v1.08.md","2","move","過去記録候補。現行参照と旧版節を確認"
"docs/handoff/install-v1.11.md","records/docs/handoff/install-v1.11.md","2","move","過去記録候補。現行参照と旧版節を確認"
"docs/implementation/lightweight-20260924-preflight.md","records/docs/implementation/lightweight-20260924-preflight.md","2","move","過去記録候補。現行参照と旧版節を確認"
"docs/operations/control-diff-policy.md","docs/operations/control-diff-policy.md","1","retain","現行正本。旧版節の切出し要確認"
"docs/operations/current-app-request-to-release.md","docs/operations/current-app-request-to-release.md","1","retain","現行正本。旧版節の切出し要確認"
"docs/operations/library-materials-index.md","docs/operations/library-materials-index.md","1","retain","現行正本。旧版節の切出し要確認"
"docs/operations/single-app-workflow.md","docs/operations/single-app-workflow.md","1","retain","現行正本。旧版節の切出し要確認"
"docs/operations/staff-master-baseline-comparison.json","records/docs/operations/staff-master-baseline-comparison.json","2","move","過去記録候補。現行参照と旧版節を確認"
"docs/operations/staff-master-unattended-runbook.md","records/docs/operations/staff-master-unattended-runbook.md","2","move","履歴専用として移動。現行参照は更新"
"docs/operations/templates/powerapps-baseline-diff-template.md","records/docs/operations/templates/powerapps-baseline-diff-template.md","2","move","過去記録候補。現行参照と旧版節を確認"
"docs/operations/three-app-release-flow.md","records/docs/operations/three-app-release-flow.md","2","move","過去記録候補。現行参照と旧版節を確認"
"docs/operations/unattended-development-implementation-plan.md","records/docs/operations/unattended-development-implementation-plan.md","2","move","過去記録候補。現行参照と旧版節を確認"
"docs/operations/unattended-development-phase1-5-execution-plan.md","records/docs/operations/unattended-development-phase1-5-execution-plan.md","2","move","過去記録候補。現行参照と旧版節を確認"
"docs/operations/unattended-development-phase1-5-execution-record.md","records/docs/operations/unattended-development-phase1-5-execution-record.md","2","move","過去記録候補。現行参照と旧版節を確認"
"docs/operations/unattended-development-phase1-baseline.md","records/docs/operations/unattended-development-phase1-baseline.md","2","move","過去記録候補。現行参照と旧版節を確認"
"docs/operations/unattended-development-step6-source-reconstruction.md","records/docs/operations/unattended-development-step6-source-reconstruction.md","2","move","過去記録候補。現行参照と旧版節を確認"
"docs/operations/unattended-development-step7-automatic-source-deployment.md","records/docs/operations/unattended-development-step7-automatic-source-deployment.md","2","move","過去記録候補。現行参照と旧版節を確認"
"docs/operations/unattended-development-step8-9-acceptance.md","records/docs/operations/unattended-development-step8-9-acceptance.md","2","move","過去記録候補。現行参照と旧版節を確認"
"docs/operations/work-policy.md","docs/operations/work-policy.md","1","retain","現行正本。旧版節の切出し要確認"
"docs/poc/html-report-launch-poc.md","other/docs/poc/html-report-launch-poc.md","3","move","別用途・参考資料"
"docs/prototypes/attendance-payroll-prototype.md","other/docs/prototypes/attendance-payroll-prototype.md","3","move","別用途・参考資料"
"docs/reference/DADS_PowerApps_デザイン基準_v1.01.md","other/docs/reference/DADS_PowerApps_デザイン基準_v1.01.md","3","move","別用途・参考資料"
"docs/reference/HTML_v0.808_UI評価と改良提案_v1.01.md","other/docs/reference/HTML_v0.808_UI評価と改良提案_v1.01.md","3","move","別用途・参考資料"
"docs/reference/README.md","other/docs/reference/README.md","3","move","別用途・参考資料"
"docs/reference/html-v0.807-basic.md","other/docs/reference/html-v0.807-basic.md","3","move","別用途・参考資料"
"docs/reference/html-v0.807-detailed.md","other/docs/reference/html-v0.807-detailed.md","3","move","別用途・参考資料"
"docs/releases/2026-09-17-ui-pdf-comparison.md","records/docs/releases/2026-09-17-ui-pdf-comparison.md","2","move","過去記録候補。現行参照と旧版節を確認"
"docs/releases/2026-09-18-regression-v1.23.md","records/docs/releases/2026-09-18-regression-v1.23.md","2","move","過去記録候補。現行参照と旧版節を確認"
"docs/releases/2026-09-18-screens-v1.22.md","records/docs/releases/2026-09-18-screens-v1.22.md","2","move","過去記録候補。現行参照と旧版節を確認"
"docs/requirements/non-functional-requirements.md","docs/requirements/non-functional-requirements.md","1","retain","現行正本。旧版節の切出し要確認"
"docs/requirements/open-decisions.md","docs/requirements/open-decisions.md","1","retain","現行正本。旧版節の切出し要確認"
"docs/requirements/requirement-relations.md","docs/requirements/requirement-relations.md","1","retain","現行正本。旧版節の切出し要確認"
"docs/requirements/requirements.md","docs/requirements/requirements.md","1","retain","現行正本。旧版節の切出し要確認"
"docs/requirements/screen-requirements.md","docs/requirements/screen-requirements.md","1","retain","現行正本。旧版節の切出し要確認"
"docs/requirements/traceability-matrix.md","docs/requirements/traceability-matrix.md","1","retain","現行正本。旧版節の切出し要確認"
"docs/requirements/ui-v1.20.md","records/docs/requirements/ui-v1.20.md","2","move","過去記録候補。現行参照と旧版節を確認"
"docs/requirements/unattended-development-requirements.md","records/docs/requirements/unattended-development-requirements.md","2","move","過去記録候補。現行参照と旧版節を確認"
"docs/testing/RESULTS.md","records/docs/testing/RESULTS.md","2","move","過去記録候補。現行参照と旧版節を確認"
"docs/testing/acceptance.md","records/docs/testing/acceptance.md","2","move","過去記録候補。現行参照と旧版節を確認"
"docs/testing/archive/test-policy-v1.00.md","records/docs/testing/archive/test-policy-v1.00.md","2","move","過去記録候補。現行参照と旧版節を確認"
"docs/testing/automatable-20260919/README.md","records/docs/testing/automatable-20260919/README.md","2","move","過去記録候補。現行参照と旧版節を確認"
"docs/testing/automatable-20260919/Screen1.pa.yaml","records/docs/testing/automatable-20260919/Screen1.pa.yaml","2","move","過去記録候補。現行参照と旧版節を確認"
"docs/testing/automatable-20260919/Screen1.paste.yaml","records/docs/testing/automatable-20260919/Screen1.paste.yaml","2","move","過去記録候補。現行参照と旧版節を確認"
"docs/testing/automatable-20260919/field-map.json","records/docs/testing/automatable-20260919/field-map.json","2","move","過去記録候補。現行参照と旧版節を確認"
"docs/testing/automatable-20260919/field-source-checks.json","records/docs/testing/automatable-20260919/field-source-checks.json","2","move","過去記録候補。現行参照と旧版節を確認"
"docs/testing/automatable-20260919/fixture-type-checks.json","records/docs/testing/automatable-20260919/fixture-type-checks.json","2","move","過去記録候補。現行参照と旧版節を確認"
"docs/testing/automatable-20260919/integrated-summary.json","records/docs/testing/automatable-20260919/integrated-summary.json","2","move","過去記録候補。現行参照と旧版節を確認"
"docs/testing/automatable-20260919/live-011-comparison.json","records/docs/testing/automatable-20260919/live-011-comparison.json","2","move","過去記録候補。現行参照と旧版節を確認"
"docs/testing/automatable-20260919/live-011.json","records/docs/testing/automatable-20260919/live-011.json","2","move","過去記録候補。現行参照と旧版節を確認"
"docs/testing/automatable-20260919/live-ledger-011.json","records/docs/testing/automatable-20260919/live-ledger-011.json","2","move","過去記録候補。現行参照と旧版節を確認"
"docs/testing/automatable-20260919/live-ledger-comparison.json","records/docs/testing/automatable-20260919/live-ledger-comparison.json","2","move","過去記録候補。現行参照と旧版節を確認"
"docs/testing/automatable-20260919/live-payroll-011.json","records/docs/testing/automatable-20260919/live-payroll-011.json","2","move","過去記録候補。現行参照と旧版節を確認"
"docs/testing/automatable-20260919/live-payroll-comparison.json","records/docs/testing/automatable-20260919/live-payroll-comparison.json","2","move","過去記録候補。現行参照と旧版節を確認"
"docs/testing/automatable-20260919/observed-control-catalog.json","records/docs/testing/automatable-20260919/observed-control-catalog.json","2","move","過去記録候補。現行参照と旧版節を確認"
"docs/testing/automatable-20260919/operation-checks.json","records/docs/testing/automatable-20260919/operation-checks.json","2","move","過去記録候補。現行参照と旧版節を確認"
"docs/testing/automatable-20260919/prior-independent-011.json","records/docs/testing/automatable-20260919/prior-independent-011.json","2","move","過去記録候補。現行参照と旧版節を確認"
"docs/testing/automatable-20260919/scrAttendance.pa.yaml","records/docs/testing/automatable-20260919/scrAttendance.pa.yaml","2","move","過去記録候補。現行参照と旧版節を確認"
"docs/testing/automatable-20260919/scrAttendance.paste.yaml","records/docs/testing/automatable-20260919/scrAttendance.paste.yaml","2","move","過去記録候補。現行参照と旧版節を確認"
"docs/testing/automatable-20260919/scrBonus.pa.yaml","records/docs/testing/automatable-20260919/scrBonus.pa.yaml","2","move","過去記録候補。現行参照と旧版節を確認"
"docs/testing/automatable-20260919/scrBonus.paste.yaml","records/docs/testing/automatable-20260919/scrBonus.paste.yaml","2","move","過去記録候補。現行参照と旧版節を確認"
"docs/testing/automatable-20260919/scrHome.pa.yaml","records/docs/testing/automatable-20260919/scrHome.pa.yaml","2","move","過去記録候補。現行参照と旧版節を確認"
"docs/testing/automatable-20260919/scrHome.paste.yaml","records/docs/testing/automatable-20260919/scrHome.paste.yaml","2","move","過去記録候補。現行参照と旧版節を確認"
"docs/testing/automatable-20260919/scrMaintenance.pa.yaml","records/docs/testing/automatable-20260919/scrMaintenance.pa.yaml","2","move","過去記録候補。現行参照と旧版節を確認"
"docs/testing/automatable-20260919/scrMaintenance.paste.yaml","records/docs/testing/automatable-20260919/scrMaintenance.paste.yaml","2","move","過去記録候補。現行参照と旧版節を確認"
"docs/testing/automatable-20260919/scrPayroll.pa.yaml","records/docs/testing/automatable-20260919/scrPayroll.pa.yaml","2","move","過去記録候補。現行参照と旧版節を確認"
"docs/testing/automatable-20260919/scrPayroll.paste.yaml","records/docs/testing/automatable-20260919/scrPayroll.paste.yaml","2","move","過去記録候補。現行参照と旧版節を確認"
"docs/testing/automatable-20260919/six-screen-comparison.json","records/docs/testing/automatable-20260919/six-screen-comparison.json","2","move","過去記録候補。現行参照と旧版節を確認"
"docs/testing/automatable-20260919/source-comparison.json","records/docs/testing/automatable-20260919/source-comparison.json","2","move","過去記録候補。現行参照と旧版節を確認"
"docs/testing/automatable-20260919/verify.py","records/docs/testing/automatable-20260919/verify.py","2","move","過去記録候補。現行参照と旧版節を確認"
"docs/testing/change-records/README.md","docs/testing/change-records/README.md","1","retain","現行正本。旧版節の切出し要確認"
"docs/testing/commute-access-audit.json","records/docs/testing/commute-access-audit.json","2","move","過去記録候補。現行参照と旧版節を確認"
"docs/testing/commute-dataverse-evidence.json","records/docs/testing/commute-dataverse-evidence.json","2","move","過去記録候補。現行参照と旧版節を確認"
"docs/testing/commute-dataverse-results.md","records/docs/testing/commute-dataverse-results.md","2","move","過去記録候補。現行参照と旧版節を確認"
"docs/testing/commute-read-grant.json","records/docs/testing/commute-read-grant.json","2","move","過去記録候補。現行参照と旧版節を確認"
"docs/testing/commute-v1.18-acceptance.json","records/docs/testing/commute-v1.18-acceptance.json","2","move","過去記録候補。現行参照と旧版節を確認"
"docs/testing/commute-v1.18-final-readback.json","records/docs/testing/commute-v1.18-final-readback.json","2","move","過去記録候補。現行参照と旧版節を確認"
"docs/testing/commute-v1.18-negative-checks.json","records/docs/testing/commute-v1.18-negative-checks.json","2","move","過去記録候補。現行参照と旧版節を確認"
"docs/testing/commute-v1.18-pdf-check.json","records/docs/testing/commute-v1.18-pdf-check.json","2","move","過去記録候補。現行参照と旧版節を確認"
"docs/testing/commute-v1.18-preview.json","records/docs/testing/commute-v1.18-preview.json","2","move","過去記録候補。現行参照と旧版節を確認"
"docs/testing/commute-v1.18-readback.json","records/docs/testing/commute-v1.18-readback.json","2","move","過去記録候補。現行参照と旧版節を確認"
"docs/testing/commute-v1.18-results.md","records/docs/testing/commute-v1.18-results.md","2","move","過去記録候補。現行参照と旧版節を確認"
"docs/testing/commute-v1.18-zoom-measurements.json","records/docs/testing/commute-v1.18-zoom-measurements.json","2","move","過去記録候補。現行参照と旧版節を確認"
"docs/testing/commute-v118-preparation.md","records/docs/testing/commute-v118-preparation.md","2","move","過去記録候補。現行参照と旧版節を確認"
"docs/testing/current-app-e2e.md","docs/testing/current-app-e2e.md","1","retain","現行正本。旧版節の切出し要確認"
"docs/testing/current-app-search-observation.md","records/docs/testing/current-app-search-observation.md","2","move","過去記録候補。現行参照と旧版節を確認"
"docs/testing/current-v126-20260919/baseline-App.Formulas.fx","records/docs/testing/current-v126-20260919/baseline-App.Formulas.fx","2","move","過去記録候補。現行参照と旧版節を確認"
"docs/testing/current-v126-20260919/d2-App.Formulas.fx","records/docs/testing/current-v126-20260919/d2-App.Formulas.fx","2","move","過去記録候補。現行参照と旧版節を確認"
"docs/testing/current-v126-20260919/d2-expected.json","records/docs/testing/current-v126-20260919/d2-expected.json","2","move","過去記録候補。現行参照と旧版節を確認"
"docs/testing/current-v126-20260919/d2-patch-manifest.json","records/docs/testing/current-v126-20260919/d2-patch-manifest.json","2","move","過去記録候補。現行参照と旧版節を確認"
"docs/testing/current-v126-20260919/evidence.json","records/docs/testing/current-v126-20260919/evidence.json","2","move","過去記録候補。現行参照と旧版節を確認"
"docs/testing/current-v126-20260919/profile.md","records/docs/testing/current-v126-20260919/profile.md","2","move","過去記録候補。現行参照と旧版節を確認"
"docs/testing/current-v126-20260919/property-patch-guard.mjs","records/docs/testing/current-v126-20260919/property-patch-guard.mjs","2","move","過去記録候補。現行参照と旧版節を確認"
"docs/testing/current-v126-20260919/restored-search.png","records/docs/testing/current-v126-20260919/restored-search.png","2","move","過去記録候補。現行参照と旧版節を確認"
"docs/testing/current-v126-20260919/results.md","records/docs/testing/current-v126-20260919/results.md","2","move","過去記録候補。現行参照と旧版節を確認"
"docs/testing/dataverse-remaining-results.md","records/docs/testing/dataverse-remaining-results.md","2","move","過去記録候補。現行参照と旧版節を確認"
"docs/testing/hybrid-v1.16-results.md","records/docs/testing/hybrid-v1.16-results.md","2","move","過去記録候補。現行参照と旧版節を確認"
"docs/testing/integration-test-plan.md","docs/testing/integration-test-plan.md","1","retain","現行正本。旧版節の切出し要確認"
"docs/testing/ledger-v1.17-results.md","records/docs/testing/ledger-v1.17-results.md","2","move","過去記録候補。現行参照と旧版節を確認"
"docs/testing/override-20260918/evidence.json","records/docs/testing/override-20260918/evidence.json","2","move","過去記録候補。現行参照と旧版節を確認"
"docs/testing/override-20260918/results.md","records/docs/testing/override-20260918/results.md","2","move","過去記録候補。現行参照と旧版節を確認"
"docs/testing/override-20260918/spec-case-audit.json","records/docs/testing/override-20260918/spec-case-audit.json","2","move","過去記録候補。現行参照と旧版節を確認"
"docs/testing/payroll-v1.19-evidence.json","records/docs/testing/payroll-v1.19-evidence.json","2","move","過去記録候補。現行参照と旧版節を確認"
"docs/testing/payroll-v1.19-results.md","records/docs/testing/payroll-v1.19-results.md","2","move","過去記録候補。現行参照と旧版節を確認"
"docs/testing/payrollledger-dataverse-evidence.json","records/docs/testing/payrollledger-dataverse-evidence.json","2","move","過去記録候補。現行参照と旧版節を確認"
"docs/testing/payrollledger-dataverse-results.md","records/docs/testing/payrollledger-dataverse-results.md","2","move","過去記録候補。現行参照と旧版節を確認"
"docs/testing/published-copy-20260918/evidence.json","records/docs/testing/published-copy-20260918/evidence.json","2","move","過去記録候補。現行参照と旧版節を確認"
"docs/testing/published-copy-20260918/remaining-profile-proposal.md","records/docs/testing/published-copy-20260918/remaining-profile-proposal.md","2","move","過去記録候補。現行参照と旧版節を確認"
"docs/testing/published-copy-20260918/results.md","records/docs/testing/published-copy-20260918/results.md","2","move","過去記録候補。現行参照と旧版節を確認"
"docs/testing/published-copy-20260918/source-and-alignment.json","records/docs/testing/published-copy-20260918/source-and-alignment.json","2","move","過去記録候補。現行参照と旧版節を確認"
"docs/testing/regression-v122/defects.json","records/docs/testing/regression-v122/defects.json","2","move","過去記録候補。現行参照と旧版節を確認"
"docs/testing/regression-v122/final-results.json","records/docs/testing/regression-v122/final-results.json","2","move","過去記録候補。現行参照と旧版節を確認"
"docs/testing/regression-v122/images/payroll-studio-900.jpg","records/docs/testing/regression-v122/images/payroll-studio-900.jpg","2","move","過去記録候補。現行参照と旧版節を確認"
"docs/testing/regression-v122/plan.md","records/docs/testing/regression-v122/plan.md","2","move","過去記録候補。現行参照と旧版節を確認"
"docs/testing/regression-v122/readback-results.json","records/docs/testing/regression-v122/readback-results.json","2","move","過去記録候補。現行参照と旧版節を確認"
"docs/testing/regression-v122/results.md","records/docs/testing/regression-v122/results.md","2","move","過去記録候補。現行参照と旧版節を確認"
"docs/testing/regression-v122/spec-case-audit.json","records/docs/testing/regression-v122/spec-case-audit.json","2","move","過去記録候補。現行参照と旧版節を確認"
"docs/testing/regression-v122/spec-case-audit.md","records/docs/testing/regression-v122/spec-case-audit.md","2","move","過去記録候補。現行参照と旧版節を確認"
"docs/testing/regression-v122/static-results.json","records/docs/testing/regression-v122/static-results.json","2","move","過去記録候補。現行参照と旧版節を確認"
"docs/testing/regression-v123-remaining/evidence/ledger-A4-landscape.pdf","records/docs/testing/regression-v123-remaining/evidence/ledger-A4-landscape.pdf","2","move","過去記録候補。現行参照と旧版節を確認"
"docs/testing/regression-v123-remaining/evidence/ledger-rendered-1.png","records/docs/testing/regression-v123-remaining/evidence/ledger-rendered-1.png","2","move","過去記録候補。現行参照と旧版節を確認"
"docs/testing/regression-v123-remaining/evidence/ledger-rendered-2.png","records/docs/testing/regression-v123-remaining/evidence/ledger-rendered-2.png","2","move","過去記録候補。現行参照と旧版節を確認"
"docs/testing/regression-v123-remaining/evidence/manifest.json","records/docs/testing/regression-v123-remaining/evidence/manifest.json","2","move","過去記録候補。現行参照と旧版節を確認"
"docs/testing/regression-v123-remaining/evidence/pdf-visual-check.json","records/docs/testing/regression-v123-remaining/evidence/pdf-visual-check.json","2","move","過去記録候補。現行参照と旧版節を確認"
"docs/testing/regression-v123-remaining/final-results.json","records/docs/testing/regression-v123-remaining/final-results.json","2","move","過去記録候補。現行参照と旧版節を確認"
"docs/testing/regression-v123-remaining/focus-restoration.json","records/docs/testing/regression-v123-remaining/focus-restoration.json","2","move","過去記録候補。現行参照と旧版節を確認"
"docs/testing/regression-v123-remaining/results.md","records/docs/testing/regression-v123-remaining/results.md","2","move","過去記録候補。現行参照と旧版節を確認"
"docs/testing/regression-v123-remaining/run-35312153742.log","records/docs/testing/regression-v123-remaining/run-35312153742.log","2","move","過去記録候補。現行参照と旧版節を確認"
"docs/testing/regression-v123-remaining/run-35312872559.log","records/docs/testing/regression-v123-remaining/run-35312872559.log","2","move","過去記録候補。現行参照と旧版節を確認"
"docs/testing/regression-v123-remaining/run-35312985549.log","records/docs/testing/regression-v123-remaining/run-35312985549.log","2","move","過去記録候補。現行参照と旧版節を確認"
"docs/testing/regression-v123-remaining/run-35313676573.log","records/docs/testing/regression-v123-remaining/run-35313676573.log","2","move","過去記録候補。現行参照と旧版節を確認"
"docs/testing/regression-v123-remaining/source-audit.json","records/docs/testing/regression-v123-remaining/source-audit.json","2","move","過去記録候補。現行参照と旧版節を確認"
"docs/testing/regression-v123-remaining/spec-case-audit.json","records/docs/testing/regression-v123-remaining/spec-case-audit.json","2","move","過去記録候補。現行参照と旧版節を確認"
"docs/testing/regression-v123-remaining/spec-case-audit.md","records/docs/testing/regression-v123-remaining/spec-case-audit.md","2","move","過去記録候補。現行参照と旧版節を確認"
"docs/testing/regression-v124/manual-public-checks.json","records/docs/testing/regression-v124/manual-public-checks.json","2","move","過去記録候補。現行参照と旧版節を確認"
"docs/testing/regression-v124/results.md","records/docs/testing/regression-v124/results.md","2","move","過去記録候補。現行参照と旧版節を確認"
"docs/testing/regression-v124/run-35318861503.log","records/docs/testing/regression-v124/run-35318861503.log","2","move","過去記録候補。現行参照と旧版節を確認"
"docs/testing/regression-v124/run-summary.json","records/docs/testing/regression-v124/run-summary.json","2","move","過去記録候補。現行参照と旧版節を確認"
"docs/testing/regression-v124/source-audit.json","records/docs/testing/regression-v124/source-audit.json","2","move","過去記録候補。現行参照と旧版節を確認"
"docs/testing/regression-v124/spec-case-audit.md","records/docs/testing/regression-v124/spec-case-audit.md","2","move","過去記録候補。現行参照と旧版節を確認"
"docs/testing/regression-v125-review/results.md","records/docs/testing/regression-v125-review/results.md","2","move","過去記録候補。現行参照と旧版節を確認"
"docs/testing/regression-v125-review/run-evidence.json","records/docs/testing/regression-v125-review/run-evidence.json","2","move","過去記録候補。現行参照と旧版節を確認"
"docs/testing/regression-v125-review/spec-case-audit.json","records/docs/testing/regression-v125-review/spec-case-audit.json","2","move","過去記録候補。現行参照と旧版節を確認"
"docs/testing/regression-v125-review/spec-case-audit.md","records/docs/testing/regression-v125-review/spec-case-audit.md","2","move","過去記録候補。現行参照と旧版節を確認"
"docs/testing/regression-v125-review/v124-audit-snapshot.json","records/docs/testing/regression-v125-review/v124-audit-snapshot.json","2","move","過去記録候補。現行参照と旧版節を確認"
"docs/testing/remaining-30-20260918/evidence.json","records/docs/testing/remaining-30-20260918/evidence.json","2","move","過去記録候補。現行参照と旧版節を確認"
"docs/testing/remaining-30-20260918/results.md","records/docs/testing/remaining-30-20260918/results.md","2","move","過去記録候補。現行参照と旧版節を確認"
"docs/testing/remaining-30-20260918/spec-case-audit.json","records/docs/testing/remaining-30-20260918/spec-case-audit.json","2","move","過去記録候補。現行参照と旧版節を確認"
"docs/testing/remaining-all-20260918/clone-search-backup.fx","records/docs/testing/remaining-all-20260918/clone-search-backup.fx","2","move","過去記録候補。現行参照と旧版節を確認"
"docs/testing/remaining-all-20260918/evidence.json","records/docs/testing/remaining-all-20260918/evidence.json","2","move","過去記録候補。現行参照と旧版節を確認"
"docs/testing/remaining-all-20260918/results.md","records/docs/testing/remaining-all-20260918/results.md","2","move","過去記録候補。現行参照と旧版節を確認"
"docs/testing/remaining-all-20260918/spec-case-audit.json","records/docs/testing/remaining-all-20260918/spec-case-audit.json","2","move","過去記録候補。現行参照と旧版節を確認"
"docs/testing/remaining14-20260919/evidence.json","records/docs/testing/remaining14-20260919/evidence.json","2","move","過去記録候補。現行参照と旧版節を確認"
"docs/testing/remaining14-20260919/results.md","records/docs/testing/remaining14-20260919/results.md","2","move","過去記録候補。現行参照と旧版節を確認"
"docs/testing/resume-20260918-v126-followup/evidence.json","records/docs/testing/resume-20260918-v126-followup/evidence.json","2","move","過去記録候補。現行参照と旧版節を確認"
"docs/testing/resume-20260918-v126-followup/results.md","records/docs/testing/resume-20260918-v126-followup/results.md","2","move","過去記録候補。現行参照と旧版節を確認"
"docs/testing/resume-20260918-v126-followup/spec-case-audit.json","records/docs/testing/resume-20260918-v126-followup/spec-case-audit.json","2","move","過去記録候補。現行参照と旧版節を確認"
"docs/testing/resume-20260918-v126-followup/spec-case-audit.md","records/docs/testing/resume-20260918-v126-followup/spec-case-audit.md","2","move","過去記録候補。現行参照と旧版節を確認"
"docs/testing/resume-20260918-v126/evidence.json","records/docs/testing/resume-20260918-v126/evidence.json","2","move","過去記録候補。現行参照と旧版節を確認"
"docs/testing/resume-20260918-v126/results.md","records/docs/testing/resume-20260918-v126/results.md","2","move","過去記録候補。現行参照と旧版節を確認"
"docs/testing/resume-20260918-v126/spec-case-audit.json","records/docs/testing/resume-20260918-v126/spec-case-audit.json","2","move","過去記録候補。現行参照と旧版節を確認"
"docs/testing/resume-20260918-v126/spec-case-audit.md","records/docs/testing/resume-20260918-v126/spec-case-audit.md","2","move","過去記録候補。現行参照と旧版節を確認"
"docs/testing/screens-v1.22-browser-results.json","records/docs/testing/screens-v1.22-browser-results.json","2","move","過去記録候補。現行参照と旧版節を確認"
"docs/testing/screens-v1.22-results.md","records/docs/testing/screens-v1.22-results.md","2","move","過去記録候補。現行参照と旧版節を確認"
"docs/testing/system-test-plan.md","docs/testing/system-test-plan.md","1","retain","現行正本。旧版節の切出し要確認"
"docs/testing/templates/change-test-selection.example.json","docs/testing/templates/change-test-selection.example.json","1","retain","現行正本。旧版節の切出し要確認"
"docs/testing/templates/current-app-change-request.example.json","docs/testing/templates/current-app-change-request.example.json","1","retain","現行正本。旧版節の切出し要確認"
"docs/testing/templates/test-execution-record.md","docs/testing/templates/test-execution-record.md","1","retain","現行正本。旧版節の切出し要確認"
"docs/testing/test-policy.md","docs/testing/test-policy.md","1","retain","現行正本。旧版節の切出し要確認"
"docs/testing/test-specification.md","docs/testing/test-specification.md","1","retain","現行正本。旧版節の切出し要確認"
"docs/testing/unattended-e2e-setup.md","records/docs/testing/unattended-e2e-setup.md","2","move","過去記録候補。現行参照と旧版節を確認"
"docs/testing/unit-test-plan.md","docs/testing/unit-test-plan.md","1","retain","現行正本。旧版節の切出し要確認"
"docs/testing/user-acceptance.md","docs/acceptance/user-acceptance.md","1","move","現行正本。旧版節の切出し要確認"
"docs/testing/v1.08-validation.json","records/docs/testing/v1.08-validation.json","2","move","過去記録候補。現行参照と旧版節を確認"
"docs/testing/v1.11-validation.json","records/docs/testing/v1.11-validation.json","2","move","過去記録候補。現行参照と旧版節を確認"
"docs/verification/current-app-player-20260926.md","records/docs/verification/current-app-player-20260926.md","2","move","過去記録候補。現行参照と旧版節を確認"
"docs/verification/templates/current-app-postpublish.example.json","docs/verification/templates/current-app-postpublish.example.json","1","retain","現行正本。旧版節の切出し要確認"
"e2e/changes/approved-property.test.ts","records/e2e/changes/approved-property.test.ts","2","move","旧E2E候補。現行呼出し確認"
"e2e/changes/step7-meta-label.test.ts","records/e2e/changes/step7-meta-label.test.ts","2","move","旧E2E候補。現行呼出し確認"
"e2e/commute-v118/commute.test.ts","records/e2e/commute-v118/commute.test.ts","2","move","旧E2E候補。現行呼出し確認"
"e2e/current-app/navigation.test.ts","e2e/current-app/navigation.test.ts","1","retain","現行E2E"
"e2e/hybrid/approved-property.test.ts","records/e2e/hybrid/approved-property.test.ts","2","move","旧E2E候補。現行呼出し確認"
"e2e/hybrid/history.test.ts","records/e2e/hybrid/history.test.ts","2","move","旧E2E候補。現行呼出し確認"
"e2e/hybrid/ledger.test.ts","records/e2e/hybrid/ledger.test.ts","2","move","旧E2E候補。現行呼出し確認"
"e2e/hybrid/payroll.test.ts","records/e2e/hybrid/payroll.test.ts","2","move","旧E2E候補。現行呼出し確認"
"e2e/hybrid/staff-dataverse-access.test.ts","records/e2e/hybrid/staff-dataverse-access.test.ts","2","move","旧E2E候補。現行呼出し確認"
"e2e/hybrid/staff-master-p0.test.ts","records/e2e/hybrid/staff-master-p0.test.ts","2","move","旧E2E候補。現行呼出し確認"
"e2e/regression-v122/commute.test.ts","records/e2e/regression-v122/commute.test.ts","2","move","旧E2E候補。現行呼出し確認"
"e2e/regression-v122/ledger.test.ts","records/e2e/regression-v122/ledger.test.ts","2","move","旧E2E候補。現行呼出し確認"
"e2e/regression-v122/nonpdf-fixtures.test.ts","records/e2e/regression-v122/nonpdf-fixtures.test.ts","2","move","旧E2E候補。現行呼出し確認"
"e2e/regression-v122/remaining.test.ts","records/e2e/regression-v122/remaining.test.ts","2","move","旧E2E候補。現行呼出し確認"
"e2e/regression-v122/supplement.test.ts","records/e2e/regression-v122/supplement.test.ts","2","move","旧E2E候補。現行呼出し確認"
"e2e/regression-v122/ui-regression.test.ts","records/e2e/regression-v122/ui-regression.test.ts","2","move","旧E2E候補。現行呼出し確認"
"e2e/staff-dataverse-access.test.ts","records/e2e/staff-dataverse-access.test.ts","2","move","旧E2E候補。現行呼出し確認"
"e2e/staff-master-p0.test.ts","other/e2e/staff-master-p0.test.ts","3","move","別アプリ定期Actionsの参照先。移動時は呼出し修正"
"e2e/testapp-smoke.test.ts","records/e2e/testapp-smoke.test.ts","2","move","旧E2E候補。現行呼出し確認"
"powerapps/baseline-source-files.txt","records/powerapps/baseline-source-files.txt","2","move","旧版・基準版候補。現行依存確認"
"powerapps/baseline/StaffMasterAutomation_1_11_0_0.zip.b64.part01","records/powerapps/baseline/StaffMasterAutomation_1_11_0_0.zip.b64.part01","2","move","旧版・基準版候補。現行依存確認"
"powerapps/baseline/StaffMasterAutomation_1_11_0_0.zip.b64.part02","records/powerapps/baseline/StaffMasterAutomation_1_11_0_0.zip.b64.part02","2","move","旧版・基準版候補。現行依存確認"
"powerapps/canvas-src/Assets/SampleImage.json","records/powerapps/canvas-src/Assets/SampleImage.json","2","move","旧版・基準版候補。現行依存確認"
"powerapps/canvas-src/Assets/SamplePdf.json","records/powerapps/canvas-src/Assets/SamplePdf.json","2","move","旧版・基準版候補。現行依存確認"
"powerapps/canvas-src/CanvasManifest.json","records/powerapps/canvas-src/CanvasManifest.json","2","move","旧版・基準版候補。現行依存確認"
"powerapps/canvas-src/ComponentReferences.json","records/powerapps/canvas-src/ComponentReferences.json","2","move","旧版・基準版候補。現行依存確認"
"powerapps/canvas-src/Connections/Connections.json","records/powerapps/canvas-src/Connections/Connections.json","2","move","旧版・基準版候補。現行依存確認"
"powerapps/canvas-src/ControlTemplates.json","records/powerapps/canvas-src/ControlTemplates.json","2","move","旧版・基準版候補。現行依存確認"
"powerapps/canvas-src/DataSources/CustomGallerySample.json","records/powerapps/canvas-src/DataSources/CustomGallerySample.json","2","move","旧版・基準版候補。現行依存確認"
"powerapps/canvas-src/DataSources/DropDownSample.json","records/powerapps/canvas-src/DataSources/DropDownSample.json","2","move","旧版・基準版候補。現行依存確認"
"powerapps/canvas-src/Entropy/AppCheckerResult.sarif","records/powerapps/canvas-src/Entropy/AppCheckerResult.sarif","2","move","旧版・基準版候補。現行依存確認"
"powerapps/canvas-src/Entropy/Entropy.json","records/powerapps/canvas-src/Entropy/Entropy.json","2","move","旧版・基準版候補。現行依存確認"
"powerapps/canvas-src/Entropy/checksum.json","records/powerapps/canvas-src/Entropy/checksum.json","2","move","旧版・基準版候補。現行依存確認"
"powerapps/canvas-src/Other/References/ModernThemes.json","records/powerapps/canvas-src/Other/References/ModernThemes.json","2","move","旧版・基準版候補。現行依存確認"
"powerapps/canvas-src/Other/Src/App.pa.yaml","records/powerapps/canvas-src/Other/Src/App.pa.yaml","2","move","旧版・基準版候補。現行依存確認"
"powerapps/canvas-src/Other/Src/Screen1.pa.yaml","records/powerapps/canvas-src/Other/Src/Screen1.pa.yaml","2","move","旧版・基準版候補。現行依存確認"
"powerapps/canvas-src/Other/Src/_EditorState.pa.yaml","records/powerapps/canvas-src/Other/Src/_EditorState.pa.yaml","2","move","旧版・基準版候補。現行依存確認"
"powerapps/canvas-src/Src/App.fx.yaml","records/powerapps/canvas-src/Src/App.fx.yaml","2","move","旧版・基準版候補。現行依存確認"
"powerapps/canvas-src/Src/EditorState/App.editorstate.json","records/powerapps/canvas-src/Src/EditorState/App.editorstate.json","2","move","旧版・基準版候補。現行依存確認"
"powerapps/canvas-src/Src/EditorState/Screen1.editorstate.json","records/powerapps/canvas-src/Src/EditorState/Screen1.editorstate.json","2","move","旧版・基準版候補。現行依存確認"
"powerapps/canvas-src/Src/Screen1.fx.yaml","records/powerapps/canvas-src/Src/Screen1.fx.yaml","2","move","旧版・基準版候補。現行依存確認"
"powerapps/canvas-src/Src/Themes.json","records/powerapps/canvas-src/Src/Themes.json","2","move","旧版・基準版候補。現行依存確認"
"powerapps/canvas-src/pkgs/button_2.2.0.xml","records/powerapps/canvas-src/pkgs/button_2.2.0.xml","2","move","旧版・基準版候補。現行依存確認"
"powerapps/canvas-src/pkgs/dropdown_2.3.1.xml","records/powerapps/canvas-src/pkgs/dropdown_2.3.1.xml","2","move","旧版・基準版候補。現行依存確認"
"powerapps/canvas-src/pkgs/gallery_2.15.0.xml","records/powerapps/canvas-src/pkgs/gallery_2.15.0.xml","2","move","旧版・基準版候補。現行依存確認"
"powerapps/canvas-src/pkgs/groupContainer_1.5.0.xml","records/powerapps/canvas-src/pkgs/groupContainer_1.5.0.xml","2","move","旧版・基準版候補。現行依存確認"
"powerapps/canvas-src/pkgs/image_2.2.3.xml","records/powerapps/canvas-src/pkgs/image_2.2.3.xml","2","move","旧版・基準版候補。現行依存確認"
"powerapps/canvas-src/pkgs/label_2.5.1.xml","records/powerapps/canvas-src/pkgs/label_2.5.1.xml","2","move","旧版・基準版候補。現行依存確認"
"powerapps/canvas-src/pkgs/modernButton_1.0.0.xml","records/powerapps/canvas-src/pkgs/modernButton_1.0.0.xml","2","move","旧版・基準版候補。現行依存確認"
"powerapps/canvas-src/pkgs/modernTextInput_1.1.1.xml","records/powerapps/canvas-src/pkgs/modernTextInput_1.1.1.xml","2","move","旧版・基準版候補。現行依存確認"
"powerapps/canvas-src/pkgs/pdfViewer_2.5.0.xml","records/powerapps/canvas-src/pkgs/pdfViewer_2.5.0.xml","2","move","旧版・基準版候補。現行依存確認"
"powerapps/canvas-src/pkgs/text_2.3.2.xml","records/powerapps/canvas-src/pkgs/text_2.3.2.xml","2","move","旧版・基準版候補。現行依存確認"
"powerapps/canvas-src/pkgs/timer_2.1.0.xml","records/powerapps/canvas-src/pkgs/timer_2.1.0.xml","2","move","旧版・基準版候補。現行依存確認"
"powerapps/canvas-v3/Src/App.pa.yaml","powerapps/canvas-v3/Src/App.pa.yaml","1","retain","現行ソース候補。公開版SHA照合"
"powerapps/canvas-v3/Src/Screen1.pa.yaml","powerapps/canvas-v3/Src/Screen1.pa.yaml","1","retain","現行ソース候補。公開版SHA照合"
"powerapps/canvas-v3/Src/_EditorState.pa.yaml","powerapps/canvas-v3/Src/_EditorState.pa.yaml","1","retain","現行ソース候補。公開版SHA照合"
"powerapps/canvas-v3/baseline.msapr","powerapps/canvas-v3/baseline.msapr","1","retain","現行ソース候補。公開版SHA照合"
"powerapps/dataverse-v1.15/staff-master.msapp","records/powerapps/dataverse-v1.15/staff-master.msapp","2","move","旧版・基準版候補。現行依存確認"
"powerapps/dataverse-v1.16/README.md","records/powerapps/dataverse-v1.16/README.md","2","move","旧版・基準版候補。現行依存確認"
"powerapps/dataverse-v1.16/readback-result.json","records/powerapps/dataverse-v1.16/readback-result.json","2","move","旧版・基準版候補。現行依存確認"
"powerapps/dataverse-v1.16/staff-master.msapp","records/powerapps/dataverse-v1.16/staff-master.msapp","2","move","旧版・基準版候補。現行依存確認"
"powerapps/dataverse-v1.17/readback-result.json","records/powerapps/dataverse-v1.17/readback-result.json","2","move","旧版・基準版候補。現行依存確認"
"powerapps/dataverse-v1.17/staff-master.msapp","records/powerapps/dataverse-v1.17/staff-master.msapp","2","move","旧版・基準版候補。現行依存確認"
"powerapps/dataverse-v1.18/staff-master.msapp","records/powerapps/dataverse-v1.18/staff-master.msapp","2","move","旧版・基準版候補。現行依存確認"
"powerapps/dataverse-v1.19/staff-master.msapp","records/powerapps/dataverse-v1.19/staff-master.msapp","2","move","旧版・基準版候補。現行依存確認"
"powerapps/solution-src/CanvasApps/crb3c_v111_99a38.meta.xml","records/powerapps/solution-src/CanvasApps/crb3c_v111_99a38.meta.xml","2","move","旧版・基準版候補。現行依存確認"
"powerapps/solution-src/CanvasApps/crb3c_v111_99a38_AdditionalUris0_identity.json","records/powerapps/solution-src/CanvasApps/crb3c_v111_99a38_AdditionalUris0_identity.json","2","move","旧版・基準版候補。現行依存確認"
"powerapps/solution-src/CanvasApps/crb3c_v111_99a38_BackgroundImageUri","records/powerapps/solution-src/CanvasApps/crb3c_v111_99a38_BackgroundImageUri","2","move","旧版・基準版候補。現行依存確認"
"powerapps/solution-src/CanvasApps/crb3c_v111_99a38_DocumentUri.msapp","records/powerapps/solution-src/CanvasApps/crb3c_v111_99a38_DocumentUri.msapp","2","move","旧版・基準版候補。現行依存確認"
"powerapps/solution-src/Other/Customizations.xml","records/powerapps/solution-src/Other/Customizations.xml","2","move","旧版・基準版候補。現行依存確認"
"powerapps/solution-src/Other/Solution.xml","records/powerapps/solution-src/Other/Solution.xml","2","move","旧版・基準版候補。現行依存確認"
"powerapps/test-data/staff-history.fx","powerapps/test-data/staff-history.fx","1","retain","現行ソース候補。公開版SHA照合"
"scripts/automation/app_edit_permission.py","records/scripts/automation/app_edit_permission.py","2","move","旧スクリプト候補。参照検査"
"scripts/automation/app_metadata.py","records/scripts/automation/app_metadata.py","2","move","旧スクリプト候補。参照検査"
"scripts/automation/bridge.py","records/scripts/automation/bridge.py","2","move","旧スクリプト候補。参照検査"
"scripts/automation/commute_access_audit.py","records/scripts/automation/commute_access_audit.py","2","move","旧スクリプト候補。参照検査"
"scripts/automation/commute_dataverse.py","records/scripts/automation/commute_dataverse.py","2","move","旧スクリプト候補。参照検査"
"scripts/automation/commute_read_grant.py","records/scripts/automation/commute_read_grant.py","2","move","旧スクリプト候補。参照検査"
"scripts/automation/commute_schema.py","records/scripts/automation/commute_schema.py","2","move","旧スクリプト候補。参照検査"
"scripts/automation/finalize_release.py","records/scripts/automation/finalize_release.py","2","move","旧スクリプト候補。参照検査"
"scripts/automation/payrollledger_access.py","records/scripts/automation/payrollledger_access.py","2","move","旧スクリプト候補。参照検査"
"scripts/automation/payrollledger_dataverse.py","records/scripts/automation/payrollledger_dataverse.py","2","move","旧スクリプト候補。参照検査"
"scripts/automation/payrollledger_schema.py","records/scripts/automation/payrollledger_schema.py","2","move","旧スクリプト候補。参照検査"
"scripts/automation/policy.py","records/scripts/automation/policy.py","2","move","旧スクリプト候補。参照検査"
"scripts/automation/prepare_commute_v118.py","records/scripts/automation/prepare_commute_v118.py","2","move","旧スクリプト候補。参照検査"
"scripts/automation/prepare_payroll_v119.py","records/scripts/automation/prepare_payroll_v119.py","2","move","旧スクリプト候補。参照検査"
"scripts/automation/read_current_app_metadata.py","scripts/automation/read_current_app_metadata.py","1","retain","現行Actionsの依存候補"
"scripts/automation/readme_release.py","records/scripts/automation/readme_release.py","2","move","旧スクリプト候補。参照検査"
"scripts/automation/release_snapshot.py","records/scripts/automation/release_snapshot.py","2","move","旧スクリプト候補。参照検査"
"scripts/automation/releases.py","records/scripts/automation/releases.py","2","move","旧スクリプト候補。参照検査"
"scripts/automation/render_staff_history.py","records/scripts/automation/render_staff_history.py","2","move","旧スクリプト候補。参照検査"
"scripts/automation/repair_v114_readme.py","records/scripts/automation/repair_v114_readme.py","2","move","旧スクリプト候補。参照検査"
"scripts/automation/run_pipeline.py","records/scripts/automation/run_pipeline.py","2","move","旧スクリプト候補。参照検査"
"scripts/automation/staff_data_contract.py","records/scripts/automation/staff_data_contract.py","2","move","旧スクリプト候補。参照検査"
"scripts/automation/staff_dataverse.py","records/scripts/automation/staff_dataverse.py","2","move","旧スクリプト候補。参照検査"
"scripts/automation/staff_identity_audit.py","records/scripts/automation/staff_identity_audit.py","2","move","旧スクリプト候補。参照検査"
"scripts/automation/staff_schema.py","records/scripts/automation/staff_schema.py","2","move","旧スクリプト候補。参照検査"
"scripts/automation/studio_edit_access.py","records/scripts/automation/studio_edit_access.py","2","move","旧スクリプト候補。参照検査"
"scripts/automation/studio_edit_cleanup.py","records/scripts/automation/studio_edit_cleanup.py","2","move","旧スクリプト候補。参照検査"
"scripts/automation/studio_edit_dataverse.py","records/scripts/automation/studio_edit_dataverse.py","2","move","旧スクリプト候補。参照検査"
"scripts/automation/studio_edit_fixtures.py","records/scripts/automation/studio_edit_fixtures.py","2","move","旧スクリプト候補。参照検査"
"scripts/automation/studio_edit_schema.py","records/scripts/automation/studio_edit_schema.py","2","move","旧スクリプト候補。参照検査"
"scripts/automation/validate_current_app_postpublish.py","scripts/automation/validate_current_app_postpublish.py","1","retain","現行Actionsの依存候補"
"scripts/automation/verify_commute_release.py","records/scripts/automation/verify_commute_release.py","2","move","旧スクリプト候補。参照検査"
"scripts/automation/verify_payroll_release.py","records/scripts/automation/verify_payroll_release.py","2","move","旧スクリプト候補。参照検査"
"scripts/testing/validate_selection.py","scripts/testing/validate_selection.py","1","retain","現行Actionsの依存候補"
"scripts/ui/build_v122.py","records/scripts/ui/build_v122.py","2","move","履歴専用として移動。現行参照は更新"
"scripts/ui/build_v124.py","records/scripts/ui/build_v124.py","2","move","履歴専用として移動。現行参照は更新"
"scripts/validate-powerapps-secrets.sh","scripts/validate-powerapps-secrets.sh","1","retain","現行Actionsの依存候補"
"src/reference/DADS_PowerApps_AppFormulas_デザイントークン_v1.0.fx","other/src/reference/DADS_PowerApps_AppFormulas_デザイントークン_v1.0.fx","3","move","別用途・ハンドメイド候補。参照検査"
"src/reference/DADS_PowerApps_共通UIパーツ_v1.0.yaml","other/src/reference/DADS_PowerApps_共通UIパーツ_v1.0.yaml","3","move","別用途・ハンドメイド候補。参照検査"
"src/reference/README.md","other/src/reference/README.md","3","move","別用途・ハンドメイド候補。参照検査"
"src/reference/scrDadsStyleGallery_v1.2.pa.yaml","other/src/reference/scrDadsStyleGallery_v1.2.pa.yaml","3","move","別用途・ハンドメイド候補。参照検査"
"src/screen-ui/v1.22/App.Formulas.add.fx","records/src/screen-ui/v1.22/App.Formulas.add.fx","2","move","旧画面・パッチ候補。現行依存確認"
"src/screen-ui/v1.22/App.Formulas.fx","records/src/screen-ui/v1.22/App.Formulas.fx","2","move","旧画面・パッチ候補。現行依存確認"
"src/screen-ui/v1.22/App.StartScreen.fx","records/src/screen-ui/v1.22/App.StartScreen.fx","2","move","旧画面・パッチ候補。現行依存確認"
"src/screen-ui/v1.22/App.pa.yaml","records/src/screen-ui/v1.22/App.pa.yaml","2","move","旧画面・パッチ候補。現行依存確認"
"src/screen-ui/v1.22/README.md","records/src/screen-ui/v1.22/README.md","2","move","旧画面・パッチ候補。現行依存確認"
"src/screen-ui/v1.22/Screen1.navigation.paste.yaml","records/src/screen-ui/v1.22/Screen1.navigation.paste.yaml","2","move","旧画面・パッチ候補。現行依存確認"
"src/screen-ui/v1.22/Screen1.readback-diff.json","records/src/screen-ui/v1.22/Screen1.readback-diff.json","2","move","旧画面・パッチ候補。現行依存確認"
"src/screen-ui/v1.22/Screens.pa.yaml","records/src/screen-ui/v1.22/Screens.pa.yaml","2","move","旧画面・パッチ候補。現行依存確認"
"src/screen-ui/v1.22/manifest.json","records/src/screen-ui/v1.22/manifest.json","2","move","旧画面・パッチ候補。現行依存確認"
"src/screen-ui/v1.22/readback-verification.json","records/src/screen-ui/v1.22/readback-verification.json","2","move","旧画面・パッチ候補。現行依存確認"
"src/screen-ui/v1.22/scrAttendance.pa.yaml","records/src/screen-ui/v1.22/scrAttendance.pa.yaml","2","move","旧画面・パッチ候補。現行依存確認"
"src/screen-ui/v1.22/scrAttendance.paste.yaml","records/src/screen-ui/v1.22/scrAttendance.paste.yaml","2","move","旧画面・パッチ候補。現行依存確認"
"src/screen-ui/v1.22/scrBonus.pa.yaml","records/src/screen-ui/v1.22/scrBonus.pa.yaml","2","move","旧画面・パッチ候補。現行依存確認"
"src/screen-ui/v1.22/scrBonus.paste.yaml","records/src/screen-ui/v1.22/scrBonus.paste.yaml","2","move","旧画面・パッチ候補。現行依存確認"
"src/screen-ui/v1.22/scrHome.pa.yaml","records/src/screen-ui/v1.22/scrHome.pa.yaml","2","move","旧画面・パッチ候補。現行依存確認"
"src/screen-ui/v1.22/scrHome.paste.yaml","records/src/screen-ui/v1.22/scrHome.paste.yaml","2","move","旧画面・パッチ候補。現行依存確認"
"src/screen-ui/v1.22/scrMaintenance.pa.yaml","records/src/screen-ui/v1.22/scrMaintenance.pa.yaml","2","move","旧画面・パッチ候補。現行依存確認"
"src/screen-ui/v1.22/scrMaintenance.paste.yaml","records/src/screen-ui/v1.22/scrMaintenance.paste.yaml","2","move","旧画面・パッチ候補。現行依存確認"
"src/screen-ui/v1.22/scrPayroll.pa.yaml","records/src/screen-ui/v1.22/scrPayroll.pa.yaml","2","move","旧画面・パッチ候補。現行依存確認"
"src/screen-ui/v1.22/scrPayroll.paste.yaml","records/src/screen-ui/v1.22/scrPayroll.paste.yaml","2","move","旧画面・パッチ候補。現行依存確認"
"src/screen-ui/v1.22/studio-readback/scrAttendance.pa.yaml","records/src/screen-ui/v1.22/studio-readback/scrAttendance.pa.yaml","2","move","旧画面・パッチ候補。現行依存確認"
"src/screen-ui/v1.22/studio-readback/scrBonus.pa.yaml","records/src/screen-ui/v1.22/studio-readback/scrBonus.pa.yaml","2","move","旧画面・パッチ候補。現行依存確認"
"src/screen-ui/v1.22/studio-readback/scrHome.pa.yaml","records/src/screen-ui/v1.22/studio-readback/scrHome.pa.yaml","2","move","旧画面・パッチ候補。現行依存確認"
"src/screen-ui/v1.22/studio-readback/scrMaintenance.pa.yaml","records/src/screen-ui/v1.22/studio-readback/scrMaintenance.pa.yaml","2","move","旧画面・パッチ候補。現行依存確認"
"src/screen-ui/v1.22/studio-readback/scrPayroll.pa.yaml","records/src/screen-ui/v1.22/studio-readback/scrPayroll.pa.yaml","2","move","旧画面・パッチ候補。現行依存確認"
"src/screen-ui/v1.23/App.Formulas.fx","records/src/screen-ui/v1.23/App.Formulas.fx","2","move","旧画面・パッチ候補。現行依存確認"
"src/screen-ui/v1.23/btnMaintenanceReset.OnSelect.fx","records/src/screen-ui/v1.23/btnMaintenanceReset.OnSelect.fx","2","move","旧画面・パッチ候補。現行依存確認"
"src/screen-ui/v1.23/manifest.json","records/src/screen-ui/v1.23/manifest.json","2","move","旧画面・パッチ候補。現行依存確認"
"src/screen-ui/v1.23/patches.json","records/src/screen-ui/v1.23/patches.json","2","move","旧画面・パッチ候補。現行依存確認"
"src/screen-ui/v1.23/studio-readback/App.Formulas.fx","records/src/screen-ui/v1.23/studio-readback/App.Formulas.fx","2","move","旧画面・パッチ候補。現行依存確認"
"src/screen-ui/v1.23/studio-readback/Screen1.pa.yaml","records/src/screen-ui/v1.23/studio-readback/Screen1.pa.yaml","2","move","旧画面・パッチ候補。現行依存確認"
"src/screen-ui/v1.23/studio-readback/scrHome.pa.yaml","records/src/screen-ui/v1.23/studio-readback/scrHome.pa.yaml","2","move","旧画面・パッチ候補。現行依存確認"
"src/screen-ui/v1.23/studio-readback/scrMaintenance.pa.yaml","records/src/screen-ui/v1.23/studio-readback/scrMaintenance.pa.yaml","2","move","旧画面・パッチ候補。現行依存確認"
"src/screen-ui/v1.24/App.Formulas.fx","src/screen-ui/v1.24/App.Formulas.fx","1","retain","現行候補。公開版との差分を確認"
"src/screen-ui/v1.24/README.md","src/screen-ui/v1.24/README.md","1","retain","現行候補。公開版との差分を確認"
"src/screen-ui/v1.24/fixture-selector.paste.yaml","src/screen-ui/v1.24/fixture-selector.paste.yaml","1","retain","現行候補。公開版との差分を確認"
"src/screen-ui/v1.24/manifest.json","src/screen-ui/v1.24/manifest.json","1","retain","現行候補。公開版との差分を確認"
"src/screen-ui/v1.24/modal-actions.paste.yaml","src/screen-ui/v1.24/modal-actions.paste.yaml","1","retain","現行候補。公開版との差分を確認"
"src/screen-ui/v1.24/patches.json","src/screen-ui/v1.24/patches.json","1","retain","現行候補。公開版との差分を確認"
"src/screen-ui/v1.24/studio-readback/App.Formulas.fx","src/screen-ui/v1.24/studio-readback/App.Formulas.fx","1","retain","現行候補。公開版との差分を確認"
"src/screen-ui/v1.24/studio-readback/Screen1.pa.yaml","src/screen-ui/v1.24/studio-readback/Screen1.pa.yaml","1","retain","現行候補。公開版との差分を確認"
"src/screen-ui/v1.24/studio-readback/scrHome.pa.yaml","src/screen-ui/v1.24/studio-readback/scrHome.pa.yaml","1","retain","現行候補。公開版との差分を確認"
"src/screen-ui/v1.24/studio-readback/scrMaintenance.pa.yaml","src/screen-ui/v1.24/studio-readback/scrMaintenance.pa.yaml","1","retain","現行候補。公開版との差分を確認"
"src/staff-master/CommuteLedger_v1.08_SavePDF_OnTimerEnd.fx","other/src/staff-master/CommuteLedger_v1.08_SavePDF_OnTimerEnd.fx","3","move","別用途・ハンドメイド候補。参照検査"
"src/staff-master/CommuteLedger_v1.11_SavePDF_OnTimerEnd.fx","other/src/staff-master/CommuteLedger_v1.11_SavePDF_OnTimerEnd.fx","3","move","別用途・ハンドメイド候補。参照検査"
"src/staff-master/candidates/commute-html-v1.00/docs/implementation-status.md","other/src/staff-master/candidates/commute-html-v1.00/docs/implementation-status.md","3","move","別用途・ハンドメイド候補。参照検査"
"src/staff-master/candidates/commute-html-v1.00/docs/source-sha256.json","other/src/staff-master/candidates/commute-html-v1.00/docs/source-sha256.json","3","move","別用途・ハンドメイド候補。参照検査"
"src/staff-master/candidates/commute-html-v1.00/qa/layout-fixture.html","other/src/staff-master/candidates/commute-html-v1.00/qa/layout-fixture.html","3","move","別用途・ハンドメイド候補。参照検査"
"src/staff-master/candidates/commute-html-v1.00/src/build.py","other/src/staff-master/candidates/commute-html-v1.00/src/build.py","3","move","別用途・ハンドメイド候補。参照検査"
"src/staff-master/candidates/commute-html-v1.00/src/commute-ledger.html","other/src/staff-master/candidates/commute-html-v1.00/src/commute-ledger.html","3","move","別用途・ハンドメイド候補。参照検査"
"src/staff-master/candidates/commute-html-v1.00/src/layout.html","other/src/staff-master/candidates/commute-html-v1.00/src/layout.html","3","move","別用途・ハンドメイド候補。参照検査"
"src/staff-master/candidates/commute-html-v1.00/src/report.js","other/src/staff-master/candidates/commute-html-v1.00/src/report.js","3","move","別用途・ハンドメイド候補。参照検査"
"src/staff-master/candidates/commute-html-v1.00/tests/commute-6.json","other/src/staff-master/candidates/commute-html-v1.00/tests/commute-6.json","3","move","別用途・ハンドメイド候補。参照検査"
"src/staff-master/candidates/commute-html-v1.00/tests/commute-columns.json","other/src/staff-master/candidates/commute-html-v1.00/tests/commute-columns.json","3","move","別用途・ハンドメイド候補。参照検査"
"src/staff-master/candidates/commute-html-v1.00/tests/report.test.js","other/src/staff-master/candidates/commute-html-v1.00/tests/report.test.js","3","move","別用途・ハンドメイド候補。参照検査"
"src/staff-master/candidates/commute-html-v1.01/.gitignore","other/src/staff-master/candidates/commute-html-v1.01/.gitignore","3","move","別用途・ハンドメイド候補。参照検査"
"src/staff-master/candidates/commute-html-v1.01/README.md","other/src/staff-master/candidates/commute-html-v1.01/README.md","3","move","別用途・ハンドメイド候補。参照検査"
"src/staff-master/candidates/commute-html-v1.01/docs/deployment.json","other/src/staff-master/candidates/commute-html-v1.01/docs/deployment.json","3","move","別用途・ハンドメイド候補。参照検査"
"src/staff-master/candidates/commute-html-v1.01/docs/release-1.01.md","other/src/staff-master/candidates/commute-html-v1.01/docs/release-1.01.md","3","move","別用途・ハンドメイド候補。参照検査"
"src/staff-master/candidates/commute-html-v1.01/docs/requirements.md","other/src/staff-master/candidates/commute-html-v1.01/docs/requirements.md","3","move","別用途・ハンドメイド候補。参照検査"
"src/staff-master/candidates/commute-html-v1.01/docs/source-sha256.json","other/src/staff-master/candidates/commute-html-v1.01/docs/source-sha256.json","3","move","別用途・ハンドメイド候補。参照検査"
"src/staff-master/candidates/commute-html-v1.01/qa/check-layout-cases.py","other/src/staff-master/candidates/commute-html-v1.01/qa/check-layout-cases.py","3","move","別用途・ハンドメイド候補。参照検査"
"src/staff-master/candidates/commute-html-v1.01/qa/header-readback.yaml","other/src/staff-master/candidates/commute-html-v1.01/qa/header-readback.yaml","3","move","別用途・ハンドメイド候補。参照検査"
"src/staff-master/candidates/commute-html-v1.01/qa/layout-fixture.html","other/src/staff-master/candidates/commute-html-v1.01/qa/layout-fixture.html","3","move","別用途・ハンドメイド候補。参照検査"
"src/staff-master/candidates/commute-html-v1.01/qa/layout-results.json","other/src/staff-master/candidates/commute-html-v1.01/qa/layout-results.json","3","move","別用途・ハンドメイド候補。参照検査"
"src/staff-master/candidates/commute-html-v1.01/src/btnLedgerHtmlReport.paste.yaml","other/src/staff-master/candidates/commute-html-v1.01/src/btnLedgerHtmlReport.paste.yaml","3","move","別用途・ハンドメイド候補。参照検査"
"src/staff-master/candidates/commute-html-v1.01/src/build.py","other/src/staff-master/candidates/commute-html-v1.01/src/build.py","3","move","別用途・ハンドメイド候補。参照検査"
"src/staff-master/candidates/commute-html-v1.01/src/commute-ledger.html","other/src/staff-master/candidates/commute-html-v1.01/src/commute-ledger.html","3","move","別用途・ハンドメイド候補。参照検査"
"src/staff-master/candidates/commute-html-v1.01/src/layout.html","other/src/staff-master/candidates/commute-html-v1.01/src/layout.html","3","move","別用途・ハンドメイド候補。参照検査"
"src/staff-master/candidates/commute-html-v1.01/src/report.js","other/src/staff-master/candidates/commute-html-v1.01/src/report.js","3","move","別用途・ハンドメイド候補。参照検査"
"src/staff-master/candidates/commute-html-v1.01/tests/build-fixture.js","other/src/staff-master/candidates/commute-html-v1.01/tests/build-fixture.js","3","move","別用途・ハンドメイド候補。参照検査"
"src/staff-master/candidates/commute-html-v1.01/tests/commute-6.json","other/src/staff-master/candidates/commute-html-v1.01/tests/commute-6.json","3","move","別用途・ハンドメイド候補。参照検査"
"src/staff-master/candidates/commute-html-v1.01/tests/commute-columns.json","other/src/staff-master/candidates/commute-html-v1.01/tests/commute-columns.json","3","move","別用途・ハンドメイド候補。参照検査"
"src/staff-master/candidates/commute-html-v1.01/tests/dom-state.test.js","other/src/staff-master/candidates/commute-html-v1.01/tests/dom-state.test.js","3","move","別用途・ハンドメイド候補。参照検査"
"src/staff-master/candidates/commute-html-v1.01/tests/layout-cases.js","other/src/staff-master/candidates/commute-html-v1.01/tests/layout-cases.js","3","move","別用途・ハンドメイド候補。参照検査"
"src/staff-master/candidates/commute-html-v1.01/tests/report.test.js","other/src/staff-master/candidates/commute-html-v1.01/tests/report.test.js","3","move","別用途・ハンドメイド候補。参照検査"
"src/staff-master/patches/README.md","records/src/staff-master/patches/README.md","2","move","旧画面・パッチ候補。現行依存確認"
"src/staff-master/patches/v1.18-candidate/INSTALL.md","records/src/staff-master/patches/v1.18-candidate/INSTALL.md","2","move","旧画面・パッチ候補。現行依存確認"
"src/staff-master/patches/v1.18-candidate/ledger-field-map.json","records/src/staff-master/patches/v1.18-candidate/ledger-field-map.json","2","move","旧画面・パッチ候補。現行依存確認"
"src/staff-master/patches/v1.18-candidate/manifest.json","records/src/staff-master/patches/v1.18-candidate/manifest.json","2","move","旧画面・パッチ候補。現行依存確認"
"src/staff-master/patches/v1.18-candidate/properties/App.Formulas.fx","records/src/staff-master/patches/v1.18-candidate/properties/App.Formulas.fx","2","move","旧画面・パッチ候補。現行依存確認"
"src/staff-master/patches/v1.18-candidate/properties/btnCertificate111.DisplayMode.fx","records/src/staff-master/patches/v1.18-candidate/properties/btnCertificate111.DisplayMode.fx","2","move","旧画面・パッチ候補。現行依存確認"
"src/staff-master/patches/v1.18-candidate/properties/btnCertificate111.OnSelect.fx","records/src/staff-master/patches/v1.18-candidate/properties/btnCertificate111.OnSelect.fx","2","move","旧画面・パッチ候補。現行依存確認"
"src/staff-master/patches/v1.18-candidate/properties/btnClear111.OnSelect.fx","records/src/staff-master/patches/v1.18-candidate/properties/btnClear111.OnSelect.fx","2","move","旧画面・パッチ候補。現行依存確認"
"src/staff-master/patches/v1.18-candidate/properties/btnLoad111.OnSelect.fx","records/src/staff-master/patches/v1.18-candidate/properties/btnLoad111.OnSelect.fx","2","move","旧画面・パッチ候補。現行依存確認"
"src/staff-master/patches/v1.18-candidate/properties/btnSearch111.OnSelect.fx","records/src/staff-master/patches/v1.18-candidate/properties/btnSearch111.OnSelect.fx","2","move","旧画面・パッチ候補。現行依存確認"
"src/staff-master/patches/v1.18-candidate/properties/galCommute111.AccessibleLabel.fx","records/src/staff-master/patches/v1.18-candidate/properties/galCommute111.AccessibleLabel.fx","2","move","旧画面・パッチ候補。現行依存確認"
"src/staff-master/patches/v1.18-candidate/properties/galCommute111.Default.fx","records/src/staff-master/patches/v1.18-candidate/properties/galCommute111.Default.fx","2","move","旧画面・パッチ候補。現行依存確認"
"src/staff-master/patches/v1.18-candidate/properties/galCommute111.ItemAccessibleLabel.fx","records/src/staff-master/patches/v1.18-candidate/properties/galCommute111.ItemAccessibleLabel.fx","2","move","旧画面・パッチ候補。現行依存確認"
"src/staff-master/patches/v1.18-candidate/properties/galCommute111.Items.fx","records/src/staff-master/patches/v1.18-candidate/properties/galCommute111.Items.fx","2","move","旧画面・パッチ候補。現行依存確認"
"src/staff-master/patches/v1.18-candidate/properties/galCommute111.Selectable.fx","records/src/staff-master/patches/v1.18-candidate/properties/galCommute111.Selectable.fx","2","move","旧画面・パッチ候補。現行依存確認"
"src/staff-master/patches/v1.18-candidate/properties/galCommute111.TabIndex.fx","records/src/staff-master/patches/v1.18-candidate/properties/galCommute111.TabIndex.fx","2","move","旧画面・パッチ候補。現行依存確認"
"src/staff-master/patches/v1.18-candidate/properties/galCommute111.TemplateFill.fx","records/src/staff-master/patches/v1.18-candidate/properties/galCommute111.TemplateFill.fx","2","move","旧画面・パッチ候補。現行依存確認"
"src/staff-master/patches/v1.18-candidate/properties/galStaff111.OnSelect.fx","records/src/staff-master/patches/v1.18-candidate/properties/galStaff111.OnSelect.fx","2","move","旧画面・パッチ候補。現行依存確認"
"src/staff-master/patches/v1.18-candidate/properties/lblCCommute1110.Fill.fx","records/src/staff-master/patches/v1.18-candidate/properties/lblCCommute1110.Fill.fx","2","move","旧画面・パッチ候補。現行依存確認"
"src/staff-master/patches/v1.18-candidate/properties/lblCCommute1110.OnSelect.fx","records/src/staff-master/patches/v1.18-candidate/properties/lblCCommute1110.OnSelect.fx","2","move","旧画面・パッチ候補。現行依存確認"
"src/staff-master/patches/v1.18-candidate/properties/lblCCommute1110.Text.fx","records/src/staff-master/patches/v1.18-candidate/properties/lblCCommute1110.Text.fx","2","move","旧画面・パッチ候補。現行依存確認"
"src/staff-master/patches/v1.18-candidate/properties/lblCCommute1111.Fill.fx","records/src/staff-master/patches/v1.18-candidate/properties/lblCCommute1111.Fill.fx","2","move","旧画面・パッチ候補。現行依存確認"
"src/staff-master/patches/v1.18-candidate/properties/lblCCommute1111.OnSelect.fx","records/src/staff-master/patches/v1.18-candidate/properties/lblCCommute1111.OnSelect.fx","2","move","旧画面・パッチ候補。現行依存確認"
"src/staff-master/patches/v1.18-candidate/properties/lblCCommute1111.Text.fx","records/src/staff-master/patches/v1.18-candidate/properties/lblCCommute1111.Text.fx","2","move","旧画面・パッチ候補。現行依存確認"
"src/staff-master/patches/v1.18-candidate/properties/lblCCommute1112.Fill.fx","records/src/staff-master/patches/v1.18-candidate/properties/lblCCommute1112.Fill.fx","2","move","旧画面・パッチ候補。現行依存確認"
"src/staff-master/patches/v1.18-candidate/properties/lblCCommute1112.OnSelect.fx","records/src/staff-master/patches/v1.18-candidate/properties/lblCCommute1112.OnSelect.fx","2","move","旧画面・パッチ候補。現行依存確認"
"src/staff-master/patches/v1.18-candidate/properties/lblCCommute1112.Text.fx","records/src/staff-master/patches/v1.18-candidate/properties/lblCCommute1112.Text.fx","2","move","旧画面・パッチ候補。現行依存確認"
"src/staff-master/patches/v1.18-candidate/properties/lblCCommute1113.Fill.fx","records/src/staff-master/patches/v1.18-candidate/properties/lblCCommute1113.Fill.fx","2","move","旧画面・パッチ候補。現行依存確認"
"src/staff-master/patches/v1.18-candidate/properties/lblCCommute1113.OnSelect.fx","records/src/staff-master/patches/v1.18-candidate/properties/lblCCommute1113.OnSelect.fx","2","move","旧画面・パッチ候補。現行依存確認"
"src/staff-master/patches/v1.18-candidate/properties/lblCCommute1113.Text.fx","records/src/staff-master/patches/v1.18-candidate/properties/lblCCommute1113.Text.fx","2","move","旧画面・パッチ候補。現行依存確認"
"src/staff-master/patches/v1.18-candidate/properties/lblCCommute1114.Fill.fx","records/src/staff-master/patches/v1.18-candidate/properties/lblCCommute1114.Fill.fx","2","move","旧画面・パッチ候補。現行依存確認"
"src/staff-master/patches/v1.18-candidate/properties/lblCCommute1114.OnSelect.fx","records/src/staff-master/patches/v1.18-candidate/properties/lblCCommute1114.OnSelect.fx","2","move","旧画面・パッチ候補。現行依存確認"
"src/staff-master/patches/v1.18-candidate/properties/lblCCommute1114.Text.fx","records/src/staff-master/patches/v1.18-candidate/properties/lblCCommute1114.Text.fx","2","move","旧画面・パッチ候補。現行依存確認"
"src/staff-master/patches/v1.18-candidate/properties/lblEmptyCommute111.Visible.fx","records/src/staff-master/patches/v1.18-candidate/properties/lblEmptyCommute111.Visible.fx","2","move","旧画面・パッチ候補。現行依存確認"
"src/staff-master/patches/v1.18-candidate/properties/lblHCommute1110.Text.fx","records/src/staff-master/patches/v1.18-candidate/properties/lblHCommute1110.Text.fx","2","move","旧画面・パッチ候補。現行依存確認"
"src/staff-master/patches/v1.18-candidate/properties/lblLedgerStaff111.Text.fx","records/src/staff-master/patches/v1.18-candidate/properties/lblLedgerStaff111.Text.fx","2","move","旧画面・パッチ候補。現行依存確認"
"src/staff-master/patches/v1.18-candidate/properties/lblMeta111.Text.fx","records/src/staff-master/patches/v1.18-candidate/properties/lblMeta111.Text.fx","2","move","旧画面・パッチ候補。現行依存確認"
"src/staff-master/patches/v1.18-candidate/properties/lblSectionCommute111.Text.fx","records/src/staff-master/patches/v1.18-candidate/properties/lblSectionCommute111.Text.fx","2","move","旧画面・パッチ候補。現行依存確認"
"src/staff-master/patches/v1.18-candidate/properties/lblTestNote111.Text.fx","records/src/staff-master/patches/v1.18-candidate/properties/lblTestNote111.Text.fx","2","move","旧画面・パッチ候補。現行依存確認"
"src/staff-master/patches/v1.18-candidate/render_staff_history.py","records/src/staff-master/patches/v1.18-candidate/render_staff_history.py","2","move","旧画面・パッチ候補。現行依存確認"
"src/staff-master/patches/v1.18-candidate/staff-history-synthetic.json","records/src/staff-master/patches/v1.18-candidate/staff-history-synthetic.json","2","move","旧画面・パッチ候補。現行依存確認"
"src/staff-master/patches/v1.18/INSTALL.md","records/src/staff-master/patches/v1.18/INSTALL.md","2","move","旧画面・パッチ候補。現行依存確認"
"src/staff-master/patches/v1.18/ledger-field-map.json","records/src/staff-master/patches/v1.18/ledger-field-map.json","2","move","旧画面・パッチ候補。現行依存確認"
"src/staff-master/patches/v1.18/manifest.json","records/src/staff-master/patches/v1.18/manifest.json","2","move","旧画面・パッチ候補。現行依存確認"
"src/staff-master/patches/v1.18/properties/App.Formulas.fx","records/src/staff-master/patches/v1.18/properties/App.Formulas.fx","2","move","旧画面・パッチ候補。現行依存確認"
"src/staff-master/patches/v1.18/properties/btnCertificate111.DisplayMode.fx","records/src/staff-master/patches/v1.18/properties/btnCertificate111.DisplayMode.fx","2","move","旧画面・パッチ候補。現行依存確認"
"src/staff-master/patches/v1.18/properties/btnCertificate111.OnSelect.fx","records/src/staff-master/patches/v1.18/properties/btnCertificate111.OnSelect.fx","2","move","旧画面・パッチ候補。現行依存確認"
"src/staff-master/patches/v1.18/properties/btnClear111.OnSelect.fx","records/src/staff-master/patches/v1.18/properties/btnClear111.OnSelect.fx","2","move","旧画面・パッチ候補。現行依存確認"
"src/staff-master/patches/v1.18/properties/btnLoad111.OnSelect.fx","records/src/staff-master/patches/v1.18/properties/btnLoad111.OnSelect.fx","2","move","旧画面・パッチ候補。現行依存確認"
"src/staff-master/patches/v1.18/properties/btnSearch111.OnSelect.fx","records/src/staff-master/patches/v1.18/properties/btnSearch111.OnSelect.fx","2","move","旧画面・パッチ候補。現行依存確認"
"src/staff-master/patches/v1.18/properties/galCommute111.AccessibleLabel.fx","records/src/staff-master/patches/v1.18/properties/galCommute111.AccessibleLabel.fx","2","move","旧画面・パッチ候補。現行依存確認"
"src/staff-master/patches/v1.18/properties/galCommute111.Default.fx","records/src/staff-master/patches/v1.18/properties/galCommute111.Default.fx","2","move","旧画面・パッチ候補。現行依存確認"
"src/staff-master/patches/v1.18/properties/galCommute111.ItemAccessibleLabel.fx","records/src/staff-master/patches/v1.18/properties/galCommute111.ItemAccessibleLabel.fx","2","move","旧画面・パッチ候補。現行依存確認"
"src/staff-master/patches/v1.18/properties/galCommute111.Items.fx","records/src/staff-master/patches/v1.18/properties/galCommute111.Items.fx","2","move","旧画面・パッチ候補。現行依存確認"
"src/staff-master/patches/v1.18/properties/galCommute111.Selectable.fx","records/src/staff-master/patches/v1.18/properties/galCommute111.Selectable.fx","2","move","旧画面・パッチ候補。現行依存確認"
"src/staff-master/patches/v1.18/properties/galCommute111.TabIndex.fx","records/src/staff-master/patches/v1.18/properties/galCommute111.TabIndex.fx","2","move","旧画面・パッチ候補。現行依存確認"
"src/staff-master/patches/v1.18/properties/galCommute111.TemplateFill.fx","records/src/staff-master/patches/v1.18/properties/galCommute111.TemplateFill.fx","2","move","旧画面・パッチ候補。現行依存確認"
"src/staff-master/patches/v1.18/properties/galStaff111.OnSelect.fx","records/src/staff-master/patches/v1.18/properties/galStaff111.OnSelect.fx","2","move","旧画面・パッチ候補。現行依存確認"
"src/staff-master/patches/v1.18/properties/lblCCommute1110.Fill.fx","records/src/staff-master/patches/v1.18/properties/lblCCommute1110.Fill.fx","2","move","旧画面・パッチ候補。現行依存確認"
"src/staff-master/patches/v1.18/properties/lblCCommute1110.OnSelect.fx","records/src/staff-master/patches/v1.18/properties/lblCCommute1110.OnSelect.fx","2","move","旧画面・パッチ候補。現行依存確認"
"src/staff-master/patches/v1.18/properties/lblCCommute1110.Text.fx","records/src/staff-master/patches/v1.18/properties/lblCCommute1110.Text.fx","2","move","旧画面・パッチ候補。現行依存確認"
"src/staff-master/patches/v1.18/properties/lblCCommute1111.Fill.fx","records/src/staff-master/patches/v1.18/properties/lblCCommute1111.Fill.fx","2","move","旧画面・パッチ候補。現行依存確認"
"src/staff-master/patches/v1.18/properties/lblCCommute1111.OnSelect.fx","records/src/staff-master/patches/v1.18/properties/lblCCommute1111.OnSelect.fx","2","move","旧画面・パッチ候補。現行依存確認"
"src/staff-master/patches/v1.18/properties/lblCCommute1111.Text.fx","records/src/staff-master/patches/v1.18/properties/lblCCommute1111.Text.fx","2","move","旧画面・パッチ候補。現行依存確認"
"src/staff-master/patches/v1.18/properties/lblCCommute1112.Fill.fx","records/src/staff-master/patches/v1.18/properties/lblCCommute1112.Fill.fx","2","move","旧画面・パッチ候補。現行依存確認"
"src/staff-master/patches/v1.18/properties/lblCCommute1112.OnSelect.fx","records/src/staff-master/patches/v1.18/properties/lblCCommute1112.OnSelect.fx","2","move","旧画面・パッチ候補。現行依存確認"
"src/staff-master/patches/v1.18/properties/lblCCommute1112.Text.fx","records/src/staff-master/patches/v1.18/properties/lblCCommute1112.Text.fx","2","move","旧画面・パッチ候補。現行依存確認"
"src/staff-master/patches/v1.18/properties/lblCCommute1113.Fill.fx","records/src/staff-master/patches/v1.18/properties/lblCCommute1113.Fill.fx","2","move","旧画面・パッチ候補。現行依存確認"
"src/staff-master/patches/v1.18/properties/lblCCommute1113.OnSelect.fx","records/src/staff-master/patches/v1.18/properties/lblCCommute1113.OnSelect.fx","2","move","旧画面・パッチ候補。現行依存確認"
"src/staff-master/patches/v1.18/properties/lblCCommute1113.Text.fx","records/src/staff-master/patches/v1.18/properties/lblCCommute1113.Text.fx","2","move","旧画面・パッチ候補。現行依存確認"
"src/staff-master/patches/v1.18/properties/lblCCommute1114.Fill.fx","records/src/staff-master/patches/v1.18/properties/lblCCommute1114.Fill.fx","2","move","旧画面・パッチ候補。現行依存確認"
"src/staff-master/patches/v1.18/properties/lblCCommute1114.OnSelect.fx","records/src/staff-master/patches/v1.18/properties/lblCCommute1114.OnSelect.fx","2","move","旧画面・パッチ候補。現行依存確認"
"src/staff-master/patches/v1.18/properties/lblCCommute1114.Text.fx","records/src/staff-master/patches/v1.18/properties/lblCCommute1114.Text.fx","2","move","旧画面・パッチ候補。現行依存確認"
"src/staff-master/patches/v1.18/properties/lblEmptyCommute111.Visible.fx","records/src/staff-master/patches/v1.18/properties/lblEmptyCommute111.Visible.fx","2","move","旧画面・パッチ候補。現行依存確認"
"src/staff-master/patches/v1.18/properties/lblHCommute1110.Text.fx","records/src/staff-master/patches/v1.18/properties/lblHCommute1110.Text.fx","2","move","旧画面・パッチ候補。現行依存確認"
"src/staff-master/patches/v1.18/properties/lblLedgerStaff111.Text.fx","records/src/staff-master/patches/v1.18/properties/lblLedgerStaff111.Text.fx","2","move","旧画面・パッチ候補。現行依存確認"
"src/staff-master/patches/v1.18/properties/lblMeta111.Text.fx","records/src/staff-master/patches/v1.18/properties/lblMeta111.Text.fx","2","move","旧画面・パッチ候補。現行依存確認"
"src/staff-master/patches/v1.18/properties/lblSectionCommute111.Text.fx","records/src/staff-master/patches/v1.18/properties/lblSectionCommute111.Text.fx","2","move","旧画面・パッチ候補。現行依存確認"
"src/staff-master/patches/v1.18/properties/lblTestNote111.Text.fx","records/src/staff-master/patches/v1.18/properties/lblTestNote111.Text.fx","2","move","旧画面・パッチ候補。現行依存確認"
"src/staff-master/patches/v1.18/render_staff_history.py","records/src/staff-master/patches/v1.18/render_staff_history.py","2","move","旧画面・パッチ候補。現行依存確認"
"src/staff-master/patches/v1.18/staff-history-synthetic.json","records/src/staff-master/patches/v1.18/staff-history-synthetic.json","2","move","旧画面・パッチ候補。現行依存確認"
"src/staff-master/patches/v1.19/field-map.json","records/src/staff-master/patches/v1.19/field-map.json","2","move","旧画面・パッチ候補。現行依存確認"
"src/staff-master/patches/v1.19/manifest.json","records/src/staff-master/patches/v1.19/manifest.json","2","move","旧画面・パッチ候補。現行依存確認"
"src/staff-master/patches/v1.19/properties/App.Formulas.fx","records/src/staff-master/patches/v1.19/properties/App.Formulas.fx","2","move","旧画面・パッチ候補。現行依存確認"
"src/staff-master/patches/v1.19/properties/btnCertificate111.DisplayMode.fx","records/src/staff-master/patches/v1.19/properties/btnCertificate111.DisplayMode.fx","2","move","旧画面・パッチ候補。現行依存確認"
"src/staff-master/patches/v1.19/properties/btnCertificate111.OnSelect.fx","records/src/staff-master/patches/v1.19/properties/btnCertificate111.OnSelect.fx","2","move","旧画面・パッチ候補。現行依存確認"
"src/staff-master/patches/v1.19/properties/btnLoad111.OnSelect.fx","records/src/staff-master/patches/v1.19/properties/btnLoad111.OnSelect.fx","2","move","旧画面・パッチ候補。現行依存確認"
"src/staff-master/patches/v1.19/properties/btnPayExport111.DisplayMode.fx","records/src/staff-master/patches/v1.19/properties/btnPayExport111.DisplayMode.fx","2","move","旧画面・パッチ候補。現行依存確認"
"src/staff-master/patches/v1.19/properties/btnPayExport111.OnSelect.fx","records/src/staff-master/patches/v1.19/properties/btnPayExport111.OnSelect.fx","2","move","旧画面・パッチ候補。現行依存確認"
"src/staff-master/patches/v1.19/properties/galCommute111.ItemAccessibleLabel.fx","records/src/staff-master/patches/v1.19/properties/galCommute111.ItemAccessibleLabel.fx","2","move","旧画面・パッチ候補。現行依存確認"
"src/staff-master/patches/v1.19/properties/galPayroll111.ItemAccessibleLabel.fx","records/src/staff-master/patches/v1.19/properties/galPayroll111.ItemAccessibleLabel.fx","2","move","旧画面・パッチ候補。現行依存確認"
"src/staff-master/patches/v1.19/properties/galPayroll111.Items.fx","records/src/staff-master/patches/v1.19/properties/galPayroll111.Items.fx","2","move","旧画面・パッチ候補。現行依存確認"
"src/staff-master/patches/v1.19/properties/galPayrollModal111.ItemAccessibleLabel.fx","records/src/staff-master/patches/v1.19/properties/galPayrollModal111.ItemAccessibleLabel.fx","2","move","旧画面・パッチ候補。現行依存確認"
"src/staff-master/patches/v1.19/properties/galPayrollModal111.Items.fx","records/src/staff-master/patches/v1.19/properties/galPayrollModal111.Items.fx","2","move","旧画面・パッチ候補。現行依存確認"
"src/staff-master/patches/v1.19/properties/lblCCommute1110.Text.fx","records/src/staff-master/patches/v1.19/properties/lblCCommute1110.Text.fx","2","move","旧画面・パッチ候補。現行依存確認"
"src/staff-master/patches/v1.19/properties/lblCCommute1111.Text.fx","records/src/staff-master/patches/v1.19/properties/lblCCommute1111.Text.fx","2","move","旧画面・パッチ候補。現行依存確認"
"src/staff-master/patches/v1.19/properties/lblCCommute1112.Text.fx","records/src/staff-master/patches/v1.19/properties/lblCCommute1112.Text.fx","2","move","旧画面・パッチ候補。現行依存確認"
"src/staff-master/patches/v1.19/properties/lblCCommute1113.Text.fx","records/src/staff-master/patches/v1.19/properties/lblCCommute1113.Text.fx","2","move","旧画面・パッチ候補。現行依存確認"
"src/staff-master/patches/v1.19/properties/lblCCommute1114.Text.fx","records/src/staff-master/patches/v1.19/properties/lblCCommute1114.Text.fx","2","move","旧画面・パッチ候補。現行依存確認"
"src/staff-master/patches/v1.19/properties/lblCPayroll1110.Text.fx","records/src/staff-master/patches/v1.19/properties/lblCPayroll1110.Text.fx","2","move","旧画面・パッチ候補。現行依存確認"
"src/staff-master/patches/v1.19/properties/lblCPayroll1111.Text.fx","records/src/staff-master/patches/v1.19/properties/lblCPayroll1111.Text.fx","2","move","旧画面・パッチ候補。現行依存確認"
"src/staff-master/patches/v1.19/properties/lblCPayroll11110.Text.fx","records/src/staff-master/patches/v1.19/properties/lblCPayroll11110.Text.fx","2","move","旧画面・パッチ候補。現行依存確認"
"src/staff-master/patches/v1.19/properties/lblCPayroll11111.Text.fx","records/src/staff-master/patches/v1.19/properties/lblCPayroll11111.Text.fx","2","move","旧画面・パッチ候補。現行依存確認"
"src/staff-master/patches/v1.19/properties/lblCPayroll11112.Text.fx","records/src/staff-master/patches/v1.19/properties/lblCPayroll11112.Text.fx","2","move","旧画面・パッチ候補。現行依存確認"
"src/staff-master/patches/v1.19/properties/lblCPayroll11113.Text.fx","records/src/staff-master/patches/v1.19/properties/lblCPayroll11113.Text.fx","2","move","旧画面・パッチ候補。現行依存確認"
"src/staff-master/patches/v1.19/properties/lblCPayroll11114.Text.fx","records/src/staff-master/patches/v1.19/properties/lblCPayroll11114.Text.fx","2","move","旧画面・パッチ候補。現行依存確認"
"src/staff-master/patches/v1.19/properties/lblCPayroll1112.Text.fx","records/src/staff-master/patches/v1.19/properties/lblCPayroll1112.Text.fx","2","move","旧画面・パッチ候補。現行依存確認"
"src/staff-master/patches/v1.19/properties/lblCPayroll1113.Text.fx","records/src/staff-master/patches/v1.19/properties/lblCPayroll1113.Text.fx","2","move","旧画面・パッチ候補。現行依存確認"
"src/staff-master/patches/v1.19/properties/lblCPayroll1114.Text.fx","records/src/staff-master/patches/v1.19/properties/lblCPayroll1114.Text.fx","2","move","旧画面・パッチ候補。現行依存確認"
"src/staff-master/patches/v1.19/properties/lblCPayroll1115.Text.fx","records/src/staff-master/patches/v1.19/properties/lblCPayroll1115.Text.fx","2","move","旧画面・パッチ候補。現行依存確認"
"src/staff-master/patches/v1.19/properties/lblCPayroll1116.Text.fx","records/src/staff-master/patches/v1.19/properties/lblCPayroll1116.Text.fx","2","move","旧画面・パッチ候補。現行依存確認"
"src/staff-master/patches/v1.19/properties/lblCPayroll1117.Text.fx","records/src/staff-master/patches/v1.19/properties/lblCPayroll1117.Text.fx","2","move","旧画面・パッチ候補。現行依存確認"
"src/staff-master/patches/v1.19/properties/lblCPayroll1118.Text.fx","records/src/staff-master/patches/v1.19/properties/lblCPayroll1118.Text.fx","2","move","旧画面・パッチ候補。現行依存確認"
"src/staff-master/patches/v1.19/properties/lblCPayroll1119.Text.fx","records/src/staff-master/patches/v1.19/properties/lblCPayroll1119.Text.fx","2","move","旧画面・パッチ候補。現行依存確認"
"src/staff-master/patches/v1.19/properties/lblCPayrollModal1110.Text.fx","records/src/staff-master/patches/v1.19/properties/lblCPayrollModal1110.Text.fx","2","move","旧画面・パッチ候補。現行依存確認"
"src/staff-master/patches/v1.19/properties/lblCPayrollModal1111.Text.fx","records/src/staff-master/patches/v1.19/properties/lblCPayrollModal1111.Text.fx","2","move","旧画面・パッチ候補。現行依存確認"
"src/staff-master/patches/v1.19/properties/lblCPayrollModal11110.Text.fx","records/src/staff-master/patches/v1.19/properties/lblCPayrollModal11110.Text.fx","2","move","旧画面・パッチ候補。現行依存確認"
"src/staff-master/patches/v1.19/properties/lblCPayrollModal11111.Text.fx","records/src/staff-master/patches/v1.19/properties/lblCPayrollModal11111.Text.fx","2","move","旧画面・パッチ候補。現行依存確認"
"src/staff-master/patches/v1.19/properties/lblCPayrollModal11112.Text.fx","records/src/staff-master/patches/v1.19/properties/lblCPayrollModal11112.Text.fx","2","move","旧画面・パッチ候補。現行依存確認"
"src/staff-master/patches/v1.19/properties/lblCPayrollModal11113.Text.fx","records/src/staff-master/patches/v1.19/properties/lblCPayrollModal11113.Text.fx","2","move","旧画面・パッチ候補。現行依存確認"
"src/staff-master/patches/v1.19/properties/lblCPayrollModal11114.Text.fx","records/src/staff-master/patches/v1.19/properties/lblCPayrollModal11114.Text.fx","2","move","旧画面・パッチ候補。現行依存確認"
"src/staff-master/patches/v1.19/properties/lblCPayrollModal1112.Text.fx","records/src/staff-master/patches/v1.19/properties/lblCPayrollModal1112.Text.fx","2","move","旧画面・パッチ候補。現行依存確認"
"src/staff-master/patches/v1.19/properties/lblCPayrollModal1113.Text.fx","records/src/staff-master/patches/v1.19/properties/lblCPayrollModal1113.Text.fx","2","move","旧画面・パッチ候補。現行依存確認"
"src/staff-master/patches/v1.19/properties/lblCPayrollModal1114.Text.fx","records/src/staff-master/patches/v1.19/properties/lblCPayrollModal1114.Text.fx","2","move","旧画面・パッチ候補。現行依存確認"
"src/staff-master/patches/v1.19/properties/lblCPayrollModal1115.Text.fx","records/src/staff-master/patches/v1.19/properties/lblCPayrollModal1115.Text.fx","2","move","旧画面・パッチ候補。現行依存確認"
"src/staff-master/patches/v1.19/properties/lblCPayrollModal1116.Text.fx","records/src/staff-master/patches/v1.19/properties/lblCPayrollModal1116.Text.fx","2","move","旧画面・パッチ候補。現行依存確認"
"src/staff-master/patches/v1.19/properties/lblCPayrollModal1117.Text.fx","records/src/staff-master/patches/v1.19/properties/lblCPayrollModal1117.Text.fx","2","move","旧画面・パッチ候補。現行依存確認"
"src/staff-master/patches/v1.19/properties/lblCPayrollModal1118.Text.fx","records/src/staff-master/patches/v1.19/properties/lblCPayrollModal1118.Text.fx","2","move","旧画面・パッチ候補。現行依存確認"
"src/staff-master/patches/v1.19/properties/lblCPayrollModal1119.Text.fx","records/src/staff-master/patches/v1.19/properties/lblCPayrollModal1119.Text.fx","2","move","旧画面・パッチ候補。現行依存確認"
"src/staff-master/patches/v1.19/properties/lblEmptyPayroll111.Visible.fx","records/src/staff-master/patches/v1.19/properties/lblEmptyPayroll111.Visible.fx","2","move","旧画面・パッチ候補。現行依存確認"
"src/staff-master/patches/v1.19/properties/lblEmptyPayrollModal111.Visible.fx","records/src/staff-master/patches/v1.19/properties/lblEmptyPayrollModal111.Visible.fx","2","move","旧画面・パッチ候補。現行依存確認"
"src/staff-master/patches/v1.19/properties/lblLedgerStaff111.Text.fx","records/src/staff-master/patches/v1.19/properties/lblLedgerStaff111.Text.fx","2","move","旧画面・パッチ候補。現行依存確認"
"src/staff-master/patches/v1.19/properties/lblMeta111.Text.fx","records/src/staff-master/patches/v1.19/properties/lblMeta111.Text.fx","2","move","旧画面・パッチ候補。現行依存確認"
"src/staff-master/patches/v1.19/properties/lblPayrollCaution111.Text.fx","records/src/staff-master/patches/v1.19/properties/lblPayrollCaution111.Text.fx","2","move","旧画面・パッチ候補。現行依存確認"
"src/staff-master/patches/v1.19/properties/lblPayrollModalTitle111.Text.fx","records/src/staff-master/patches/v1.19/properties/lblPayrollModalTitle111.Text.fx","2","move","旧画面・パッチ候補。現行依存確認"
"src/staff-master/patches/v1.19/properties/lblSectionPayroll111.Text.fx","records/src/staff-master/patches/v1.19/properties/lblSectionPayroll111.Text.fx","2","move","旧画面・パッチ候補。現行依存確認"
"src/staff-master/patches/v1.19/properties/lblSectionPayrollModal111.Text.fx","records/src/staff-master/patches/v1.19/properties/lblSectionPayrollModal111.Text.fx","2","move","旧画面・パッチ候補。現行依存確認"
"src/staff-master/patches/v1.19/properties/lblTestNote111.Text.fx","records/src/staff-master/patches/v1.19/properties/lblTestNote111.Text.fx","2","move","旧画面・パッチ候補。現行依存確認"
"src/staff-master/patches/v1.21/ledger-header.paste.yaml","records/src/staff-master/patches/v1.21/ledger-header.paste.yaml","2","move","旧画面・パッチ候補。現行依存確認"
"src/staff-master/patches/v1.21/studio-readback/App.pa.yaml","records/src/staff-master/patches/v1.21/studio-readback/App.pa.yaml","2","move","旧画面・パッチ候補。現行依存確認"
"src/staff-master/patches/v1.21/studio-readback/Screen1.pa.yaml","records/src/staff-master/patches/v1.21/studio-readback/Screen1.pa.yaml","2","move","旧画面・パッチ候補。現行依存確認"
"src/staff-master/patches/v1.21/studio-readback/comparison.json","records/src/staff-master/patches/v1.21/studio-readback/comparison.json","2","move","旧画面・パッチ候補。現行依存確認"
"src/staff-master/release.json","other/src/staff-master/release.json","3","move","別用途・ハンドメイド候補。参照検査"
"src/staff-master/scrStaffMasterSearch_v1.08.pa.yaml","other/src/staff-master/scrStaffMasterSearch_v1.08.pa.yaml","3","move","別用途・ハンドメイド候補。参照検査"
"src/staff-master/scrStaffMasterSearch_v1.08.paste.yaml","other/src/staff-master/scrStaffMasterSearch_v1.08.paste.yaml","3","move","別用途・ハンドメイド候補。参照検査"
"src/staff-master/scrStaffMasterSearch_v1.11.pa.yaml","other/src/staff-master/scrStaffMasterSearch_v1.11.pa.yaml","3","move","別用途・ハンドメイド候補。参照検査"
"src/staff-master/scrStaffMasterSearch_v1.11.paste.yaml","other/src/staff-master/scrStaffMasterSearch_v1.11.paste.yaml","3","move","別用途・ハンドメイド候補。参照検査"
"tests/audit_current_ui.py","records/tests/audit_current_ui.py","2","move","旧検証・fixture候補。現行依存確認"
"tests/automation/test_app_metadata.py","records/tests/automation/test_app_metadata.py","2","move","旧検証・fixture候補。現行依存確認"
"tests/automation/test_commute_app_candidate.py","records/tests/automation/test_commute_app_candidate.py","2","move","旧検証・fixture候補。現行依存確認"
"tests/automation/test_commute_schema.py","records/tests/automation/test_commute_schema.py","2","move","旧検証・fixture候補。現行依存確認"
"tests/automation/test_current_app_postpublish.py","tests/automation/test_current_app_postpublish.py","1","retain","現行検証"
"tests/automation/test_driver.py","records/tests/automation/test_driver.py","2","move","旧検証・fixture候補。現行依存確認"
"tests/automation/test_payrollledger_schema.py","records/tests/automation/test_payrollledger_schema.py","2","move","旧検証・fixture候補。現行依存確認"
"tests/automation/test_policy.py","records/tests/automation/test_policy.py","2","move","旧検証・fixture候補。現行依存確認"
"tests/automation/test_readme_release.py","records/tests/automation/test_readme_release.py","2","move","旧検証・fixture候補。現行依存確認"
"tests/automation/test_release_snapshot.py","records/tests/automation/test_release_snapshot.py","2","move","旧検証・fixture候補。現行依存確認"
"tests/automation/test_releases.py","records/tests/automation/test_releases.py","2","move","旧検証・fixture候補。現行依存確認"
"tests/automation/test_staff_data_contract.py","records/tests/automation/test_staff_data_contract.py","2","move","旧検証・fixture候補。現行依存確認"
"tests/automation/test_staff_schema.py","records/tests/automation/test_staff_schema.py","2","move","旧検証・fixture候補。現行依存確認"
"tests/automation/test_studio_edit_schema.py","records/tests/automation/test_studio_edit_schema.py","2","move","旧検証・fixture候補。現行依存確認"
"tests/automation/test_test_selection.py","tests/automation/test_test_selection.py","1","retain","現行検証"
"tests/build_inventory.py","records/tests/build_inventory.py","2","move","旧検証・fixture候補。現行依存確認"
"tests/check_pdf_frames.py","records/tests/check_pdf_frames.py","2","move","旧検証・fixture候補。現行依存確認"
"tests/fixtures/commute-6.json","records/tests/fixtures/commute-6.json","2","move","旧検証・fixture候補。現行依存確認"
"tests/fixtures/payrollledger-7.json","records/tests/fixtures/payrollledger-7.json","2","move","旧検証・fixture候補。現行依存確認"
"tests/fixtures/staff-basic-25.csv","records/tests/fixtures/staff-basic-25.csv","2","move","旧検証・fixture候補。現行依存確認"
"tests/fixtures/staff-basic-25.json","records/tests/fixtures/staff-basic-25.json","2","move","旧検証・fixture候補。現行依存確認"
"tests/fixtures/staff-basic-5.csv","records/tests/fixtures/staff-basic-5.csv","2","move","旧検証・fixture候補。現行依存確認"
"tests/fixtures/staff-basic-5.json","records/tests/fixtures/staff-basic-5.json","2","move","旧検証・fixture候補。現行依存確認"
"tests/fixtures/staff-history-synthetic.json","records/tests/fixtures/staff-history-synthetic.json","2","move","旧検証・fixture候補。現行依存確認"
"tests/fx_check.py","records/tests/fx_check.py","2","move","旧検証・fixture候補。現行依存確認"
"tests/model_engine.py","records/tests/model_engine.py","2","move","旧検証・fixture候補。現行依存確認"
"tests/preflight.py","records/tests/preflight.py","2","move","旧検証・fixture候補。現行依存確認"
"tests/render_v111_model.py","records/tests/render_v111_model.py","2","move","旧検証・fixture候補。現行依存確認"
"tests/requirements.txt","tests/requirements.txt","1","retain","現行検証"
"tests/validate_v108.py","records/tests/validate_v108.py","2","move","旧検証・fixture候補。現行依存確認"
"tests/validate_v111.py","records/tests/validate_v111.py","2","move","旧検証・fixture候補。現行依存確認"
"tools/build_v111.py","records/tools/build_v111.py","2","move","旧生成・再構成ツール候補。現行参照確認"
"tools/patch-v111-studio-compat.mjs","records/tools/patch-v111-studio-compat.mjs","2","move","旧生成・再構成ツール候補。現行参照確認"
"tools/powerapps-source-reconstruct/PowerAppsSourceReconstruct.csproj","records/tools/powerapps-source-reconstruct/PowerAppsSourceReconstruct.csproj","2","move","旧生成・再構成ツール候補。現行参照確認"
"tools/powerapps-source-reconstruct/Program.cs","records/tools/powerapps-source-reconstruct/Program.cs","2","move","旧生成・再構成ツール候補。現行参照確認"
